rsID,GENCODE_name
rs13037879,UQCC
rs13038012,UQCC
rs8115394,UQCC
rs2425054,UQCC
rs8117705,UQCC
rs28534664,UQCC
rs2145082,UQCC
rs2425056,UQCC
rs6060370,UQCC
rs6088792,UQCC
rs2425057,UQCC
rs17323916,UQCC
rs56892901,UQCC
rs13043895,UQCC
rs34495937,UQCC
rs2425058,UQCC
rs6060372,UQCC
rs2425060,UQCC
rs6060378,UQCC
rs941664,UQCC
rs941665,UQCC
rs1570003,UQCC
rs1210224,UQCC
rs1204656,UQCC
rs6088826,UQCC
rs6088831,UQCC
rs6088832,UQCC
rs6087706,UQCC
rs6087707,UQCC
rs6088833,UQCC
rs11699308,UQCC
rs224322,GDF5OS
rs704010,ZMIZ1
rs11304299,ZMIZ1
rs1250009,ZMIZ1
rs1250008,ZMIZ1
rs1250005,ZMIZ1
rs1250003,ZMIZ1
rs11305650,ZMIZ1
rs1250000,ZMIZ1
rs1249998,ZMIZ1
rs719338,ZMIZ1
rs1268974,ZMIZ1
rs873823,ZMIZ1
rs754416,ZMIZ1
rs16879645,ELMO1
rs111796602,ELMO1
rs76986765,ELMO1
rs77801025,ELMO1
rs77972791,ELMO1
rs78833161,ELMO1
rs77712788,ELMO1
rs75993298,ELMO1
rs77778931,ELMO1
rs77329151,ELMO1
rs74382971,ELMO1
rs111668562,ELMO1
rs80057400,ELMO1
rs77896242,ELMO1
rs75758836,ELMO1
rs77615103,ELMO1
rs80067358,ELMO1
rs78260899,ELMO1
rs113659298,ELMO1
rs113358832,ELMO1
rs80248977,ELMO1
rs79623126,ELMO1
rs74418524,ELMO1
rs76872754,ELMO1
rs76050072,ELMO1
rs77300190,ELMO1
rs74416810,ELMO1
rs112919320,ELMO1
rs77523594,ELMO1
rs74988433,ELMO1
rs77200985,ELMO1
rs78369415,ELMO1
rs202157095,ELMO1
rs112999567,ELMO1
rs79758729,ELMO1
rs77230927,ELMO1
rs74611185,ELMO1
rs112698206,ELMO1
rs74830391,ELMO1
rs75351767,ELMO1
rs75630613,ELMO1
rs10230459,ELMO1
rs10264094,ELMO1
rs10238927,ELMO1
rs28482033,ELMO1
rs13438007,ELMO1
rs74483807,ELMO1
rs11984075,ELMO1
rs113949610,ELMO1
rs11979905,ELMO1
rs78541951,ELMO1
rs1926874,GLT25D2
rs10494574,GLT25D2
rs4650650,GLT25D2
rs12029527,GLT25D2
rs12047271,GLT25D2
rs12022430,GLT25D2
rs12044334,GLT25D2
rs1327124,TSEN15
rs1327123,TSEN15
rs10797937,TSEN15
rs1926872,TSEN15
rs71694372,TSEN15
rs10797938,TSEN15
rs2274432,TSEN15
rs1046934,TSEN15
rs112621660,TSEN15
rs1952256,TSEN15
rs3032594,TSEN15
rs6060355,UQCC
rs878639,UQCC
rs3795159,UQCC
rs2425055,UQCC
rs1406948,UQCC
rs1406949,UQCC
rs6060369,UQCC
rs6088791,UQCC
rs6060371,UQCC
rs6060373,UQCC
rs2425061,UQCC
rs2425062,UQCC
rs981819,UQCC
rs981818,UQCC
rs2425063,UQCC
rs2425064,UQCC
rs2378349,UQCC
rs2248393,UQCC
rs2425065,UQCC
rs2425066,UQCC
rs1540927,UQCC
rs6142349,UQCC
rs6088799,UQCC
rs6088800,UQCC
rs6142351,UQCC
rs56306402,UQCC
rs139632675,UQCC
rs200277815,UQCC
rs6088801,UQCC
rs6088802,UQCC
rs6142353,UQCC
rs4911491,UQCC
rs735531,UQCC
rs6087698,UQCC
rs6141546,UQCC
rs4911492,UQCC
rs4911178,UQCC
rs745931,UQCC
rs1570004,UQCC
rs62211529,UQCC
rs6142358,UQCC
rs6142359,UQCC
rs6142360,UQCC
rs4911493,UQCC
rs1540928,UQCC
rs11476420,UQCC
rs6142363,UQCC
rs6142364,UQCC
rs6088809,UQCC
rs725908,UQCC
rs1406947,UQCC
rs6142367,UQCC
rs6141548,UQCC
rs4911494,UQCC
rs4911496,UQCC
rs4911179,UQCC
rs4911180,UQCC
rs6142369,UQCC
rs6142370,UQCC
rs6141549,UQCC
rs6088812,UQCC
rs6088813,UQCC
rs6088815,UQCC
rs6141550,UQCC
rs4353719,UQCC
rs6088816,UQCC
rs6142373,UQCC
rs6579234,UQCC
rs6088817,UQCC
rs6088818,UQCC
rs6142374,UQCC
rs1886691,UQCC
rs1886692,UQCC
rs6088820,UQCC
rs6088821,UQCC
rs62210587,UQCC
rs6142376,UQCC
rs6088823,UQCC
rs6142377,UQCC
rs6087702,UQCC
rs6088825,UQCC
rs6087703,UQCC
rs6142378,UQCC
rs62210591,UQCC
rs143260854,UQCC
rs6142379,UQCC
rs62210592,UQCC
rs6087704,UQCC
rs6087705,UQCC
rs6142380,UQCC
rs6088830,UQCC
rs34091597,UQCC
rs62210593,UQCC
rs6060401,UQCC
rs6060402,UQCC
rs6141551,UQCC
rs7262358,UQCC
rs6142381,UQCC
rs224329,GDF5OS
rs224331,GDF5OS
rs224333,GDF5
rs78110303,GDF5
rs60057466,GLT25D2
rs57178358,GLT25D2
rs10911493,GLT25D2
rs12128716,GLT25D2
rs200199608,GLT25D2
rs148450733,GLT25D2
rs10911497,GLT25D2
rs12133608,GLT25D2
rs9332418,GLT25D2
rs1926875,GLT25D2
rs756199,GLT25D2
rs4651165,GLT25D2
rs140218171,GLT25D2
rs10797935,GLT25D2
rs10797936,GLT25D2
rs10911499,GLT25D2
rs10752929,GLT25D2
rs1458038,FGF5
rs11099097,FGF5
rs11099098,FGF5
rs13125101,FGF5
rs10857147,FGF5
rs12509595,FGF5
rs16998073,FGF5
rs4639966,U6
rs112799932,AP002954.4
rs11216982,AP002954.4
rs7967123,USP44
rs12581059,USP44
rs12099663,USP44
rs7315054,USP44
rs12307652,USP44
rs11108108,USP44
rs13377607,USP44
rs10859896,USP44
rs7136572,USP44
rs7961021,USP44
rs10764520,CACNB2
rs7076247,CACNB2
rs7900405,CACNB2
rs984206,CACNB2
rs4129877,CACNB2
rs4545438,CACNB2
rs11014446,CACNB2
rs7073796,CACNB2
rs7097315,CACNB2
rs2396083,RP11-344J7.2
rs2396084,RP11-344J7.2
rs744103,RP11-344J7.2
rs10223666,RP11-344J7.2
rs1317983,RP11-344J7.2
rs881858,RP11-344J7.2
rs9472135,RP11-344J7.2
rs9472137,RP11-344J7.2
rs9369425,RP11-344J7.2
rs9369427,RP11-344J7.2
rs9472138,RP11-344J7.2
rs6931147,RP11-344J7.2
rs4714700,RP11-344J7.2
rs9472139,RP11-344J7.2
rs7765815,RP11-344J7.2
rs6458354,RP11-344J7.2
rs10456526,RP11-344J7.2
rs6937438,RP11-344J7.2
rs12189774,RP11-344J7.2
rs3734692,RP11-344J7.2
rs9472141,RP11-344J7.2
rs9472142,RP11-344J7.2
rs68137036,RP11-344J7.2
rs13345590,TMEM91
rs4605279,TMEM91
rs3745292,TMEM91
rs11880674,TMEM91
rs7259900,TMEM91
rs3745290,CTC-435M10.3
rs8103531,CTC-435M10.3
rs3826713,CTC-435M10.3
rs7247332,CTC-435M10.3
rs8105833,CTC-435M10.3
rs10586347,CTC-435M10.3
rs878082,CTC-435M10.3
rs878083,CTC-435M10.3
rs11667908,CTC-435M10.3
rs11667848,CTC-435M10.3
rs62117461,CTC-435M10.3
rs62117462,CTC-435M10.3
rs10422956,CTC-435M10.3
rs10417311,CTC-435M10.3
rs11083618,CTC-435M10.3
rs10417997,CTC-435M10.3
rs58057017,CTC-435M10.3
rs10853751,CTC-435M10.3
rs3810174,CTC-435M10.3
rs3810175,CTC-435M10.3
rs3214613,CTC-435M10.3
rs4802116,CTC-435M10.3
rs10420556,CTC-435M10.3
rs10422783,CTC-435M10.3
rs4803461,CTC-435M10.3
rs4803462,CTC-435M10.3
rs6508977,CTC-435M10.3
rs7258973,CTC-435M10.3
rs4802117,CTC-435M10.3
rs4803463,CTC-435M10.3
rs2241711,CTC-435M10.3
rs2241710,CTC-435M10.3
rs2241709,CTC-435M10.3
rs2241708,CTC-435M10.3
rs2241707,CTC-435M10.3
rs2241706,CTC-435M10.3
rs11083619,CTC-435M10.3
rs11670757,CTC-435M10.3
rs2288871,CTC-435M10.3
rs3816037,CTC-435M10.3
rs4803465,CTC-435M10.3
rs12709849,CTC-435M10.3
rs11880539,CTC-435M10.3
rs3213861,CTC-435M10.3
rs3213860,CTC-435M10.3
rs11670583,CTC-435M10.3
rs11670668,CTC-435M10.3
rs10409485,CTC-435M10.3
rs10413735,CTC-435M10.3
rs1967334,CTC-435M10.3
rs4803467,CTC-435M10.3
rs4802118,CTC-435M10.3
rs4803468,CTC-435M10.3
rs4803469,CTC-435M10.3
rs1967333,CTC-435M10.3
rs1473248,CTC-435M10.3
rs11883104,CTC-435M10.3
rs166925,CTC-435M10.3
rs284648,CTC-435M10.3
rs284649,CTC-435M10.3
rs284650,CTC-435M10.3
rs284651,CTC-435M10.3
rs284652,CTC-435M10.3
rs284654,CTC-435M10.3
rs284655,CTC-435M10.3
rs284656,CTC-435M10.3
rs284657,CTC-435M10.3
rs284658,CTC-435M10.3
rs4674,CTC-435M10.3
rs284660,B3GNT8
rs284661,B3GNT8
rs284662,B3GNT8
rs284663,B3GNT8
rs5828108,B3GNT8
rs2569400,ATP5SL
rs2569754,ATP5SL
rs17318596,ATP5SL
rs1043413,ATP5SL
rs55986560,ATP5SL
rs58961854,ATP5SL
rs17318666,ATP5SL
rs2304243,ATP5SL
rs9304593,ATP5SL
rs10432268,ATP5SL
rs2231940,ATP5SL
rs2304242,ATP5SL
rs200725290,ATP5SL
rs16975238,ATP5SL
rs13346603,ATP5SL
rs13344547,ATP5SL
rs13344563,ATP5SL
rs961831,DMRTA1
rs9407975,DMRTA1
rs9407976,DMRTA1
rs2031699,DMRTA1
rs9406788,DMRTA1
rs9836255,TRA2B
rs6444087,TRA2B
rs6776599,TRA2B
rs6801645,TRA2B
rs2556375,BCL11A
rs2556376,BCL11A
rs2556377,BCL11A
rs2556378,BCL11A
rs3771270,BCL11A
rs6739994,BCL11A
rs971563,BCL11A
rs2193552,RP11-231I13.2
rs10470583,RP11-231I13.2
rs1024889,RP11-231I13.2
rs9875138,RP11-231I13.2
rs1019374,RP11-231I13.2
rs2320798,RP11-231I13.2
rs13091195,RP11-231I13.2
rs9842991,RP11-231I13.2
rs34392193,RP11-231I13.2
rs9849957,RP11-231I13.2
rs9836839,RP11-231I13.2
rs75739517,RP11-231I13.2
rs139031379,RP11-231I13.2
rs2080639,RP11-231I13.2
rs7618894,RP11-231I13.2
rs7640389,RP11-231I13.2
rs7632877,RP11-231I13.2
rs146926810,RP11-231I13.2
rs147103703,RP11-231I13.2
rs2320800,RP11-231I13.2
rs11714021,RP11-231I13.2
rs12485543,RP11-231I13.2
rs13089214,RP11-231I13.2
rs13068139,RP11-231I13.2
rs7614392,RP11-231I13.2
rs9883508,RP11-231I13.2
rs717669,RP11-231I13.2
rs9813546,RP11-231I13.2
rs9830728,RP11-231I13.2
rs9869621,RP11-231I13.2
rs9869635,RP11-231I13.2
rs13085816,RP11-231I13.2
rs34759880,RP11-231I13.2
rs17733513,RP11-231I13.2
rs13101134,RP11-231I13.2
rs12492260,RP11-231I13.2
rs4473522,RP11-231I13.2
rs13088843,RP11-231I13.2
rs4353776,RP11-231I13.2
rs11719839,RP11-231I13.2
rs12491347,RP11-231I13.2
rs35154813,RP11-231I13.2
rs34415025,RP11-231I13.2
rs57510850,RGL1
rs4651156,RGL1
rs10797916,RGL1
rs9425326,RGL1
rs10797917,RGL1
rs10752922,RGL1
rs3893464,HCG9
rs6415118,HCG9
rs1434573,ZNF229
rs12980201,ZNF229
rs7246892,ZNF229
rs1062098,ZNF229
rs1062093,ZNF229
rs1434579,ZNF229
rs12151338,ZNF229
rs12978904,ZNF229
rs35813988,ZNF229
rs12978167,ZNF229
rs12977016,ZNF229
rs12983504,ZNF229
rs12983645,ZNF229
rs8102733,ZNF229
rs2037904,ZNF229
rs2037903,ZNF229
rs12610672,ZNF229
rs12978546,ZNF229
rs150718608,ZNF229
rs12980701,ZNF229
rs12460231,ZNF229
rs73419907,ZFAND3
rs73419916,ZFAND3
rs73419919,ZFAND3
rs142744839,ZFAND3
rs116631087,ZFAND3
rs11757072,ZFAND3
rs75740926,ZFAND3
rs73419927,ZFAND3
rs75761704,ZFAND3
rs55825770,ZFAND3
rs56308246,ZFAND3
rs12664900,ZFAND3
rs57142729,ZFAND3
rs58332635,ZFAND3
rs55743233,ZFAND3
rs55836194,ZFAND3
rs55707043,ZFAND3
rs55990078,ZFAND3
rs73419938,ZFAND3
rs73419941,ZFAND3
rs73419944,ZFAND3
rs77446542,ZFAND3
rs77438476,ZFAND3
rs73419945,ZFAND3
rs75484621,ZFAND3
rs148266070,ZFAND3
rs73419946,ZFAND3
rs73419949,ZFAND3
rs138461681,ZFAND3
rs112825323,ZFAND3
rs56229452,ZFAND3
rs77474124,ZFAND3
rs73419955,ZFAND3
rs73419959,ZFAND3
rs78077223,ZFAND3
rs59578279,ZFAND3
rs73419960,ZFAND3
rs56914148,ZFAND3
rs73419963,ZFAND3
rs9470765,ZFAND3
rs79616439,ZFAND3
rs9470772,ZFAND3
rs55878533,ZFAND3
rs74441639,ZFAND3
rs11756626,ZFAND3
rs11757143,ZFAND3
rs73419996,ZFAND3
rs112462494,ZFAND3
rs55786741,ZFAND3
rs57564251,ZFAND3
rs56296639,ZFAND3
rs139554326,ZFAND3
rs55972258,ZFAND3
rs9470777,ZFAND3
rs73421810,ZFAND3
rs9470779,ZFAND3
rs73421817,ZFAND3
rs73421819,ZFAND3
rs73421822,ZFAND3
rs75362474,ZFAND3
rs73421825,ZFAND3
rs76766775,ZFAND3
rs73421831,ZFAND3
rs11753563,ZFAND3
rs35055676,ZFAND3
rs76363145,ZFAND3
rs9470782,ZFAND3
rs9470784,ZFAND3
rs11758095,ZFAND3
rs60109083,ZFAND3
rs11759483,ZFAND3
rs73421842,ZFAND3
rs112749384,ZFAND3
rs11757980,ZFAND3
rs11753391,ZFAND3
rs11753408,ZFAND3
rs11753437,ZFAND3
rs73421855,ZFAND3
rs79287562,ZFAND3
rs56178553,ZFAND3
rs2145887,ZFAND3
rs11759816,ZFAND3
rs11751094,ZFAND3
rs111937094,ZFAND3
rs79532072,ZFAND3
rs73421866,ZFAND3
rs74958299,ZFAND3
rs73421874,ZFAND3
rs9470794,ZFAND3
rs11757654,ZFAND3
rs58003999,ZFAND3
rs11755600,ZFAND3
rs78680078,ZFAND3
rs140051924,ZFAND3
rs7760452,ZFAND3
rs11753759,ZFAND3
rs1923280,ZFAND3
rs9470796,ZFAND3
rs12662543,ZFAND3
rs12662940,ZFAND3
rs75847900,ZFAND3
rs73421889,ZFAND3
rs9470798,ZFAND3
rs9462389,ZFAND3
rs56021282,ZFAND3
rs11755566,ZFAND3
rs11760121,ZFAND3
rs11756902,ZFAND3
rs7748392,ZFAND3
rs142969887,ZFAND3
rs876818,ZFAND3
rs3800364,ZFAND3
rs11544072,ZFAND3
rs5875616,ZFAND3
rs2395692,ZFAND3
rs2395693,ZFAND3
rs9462393,ZFAND3
rs78106651,ZFAND3
rs9470802,ZFAND3
rs60986358,ZFAND3
rs60049603,ZFAND3
rs58418493,RP1-295F6.2
rs59684841,RP1-295F6.2
rs57405566,RP1-295F6.2
rs9462394,RP1-295F6.2
rs34187999,RP1-295F6.2
rs9462395,RP1-295F6.2
rs56247028,RP1-295F6.2
rs11755190,RP1-295F6.2
rs11755192,RP1-295F6.2
rs11753067,RP1-295F6.2
rs11759858,RP1-295F6.2
rs11759859,RP1-295F6.2
rs11753160,RP1-295F6.2
rs73423525,RP1-295F6.2
rs55902626,RP1-295F6.2
rs56114002,RP1-295F6.2
rs56195121,RP1-295F6.2
rs56030069,RP1-295F6.2
rs55731063,RP1-295F6.2
rs59693994,RP1-295F6.2
rs2281265,RP1-295F6.2
rs11751937,RP1-295F6.2
rs2073021,RP1-295F6.2
rs149438736,RP1-295F6.2
rs9462396,RP1-295F6.2
rs11755721,RP1-295F6.2
rs11752799,RP1-295F6.2
rs114649633,RP1-295F6.2
rs116051804,BTBD9
rs743478,AP001057.1
rs743479,AP001057.1
rs2838516,AP001057.1
rs2838517,AP001057.1
rs7276302,AP001057.1
rs8127691,AP001057.1
rs2838519,AP001057.1
rs762421,AP001057.1
rs762422,AP001057.1
rs762423,AP001057.1
rs7282490,AP001057.1
rs2838520,AP001057.1
rs2838521,AP001057.1
rs4635612,AP001057.1
rs4380337,AP001057.1
rs4317019,AP001057.1
rs4456788,AP001057.1
rs8134436,AP001057.1
rs2070551,AP001057.1
rs2070552,AP001057.1
rs2876932,AP001057.1
rs3746958,AP001058.3
rs141623331,AP001058.3
rs3804031,AP001058.3
rs3804032,AP001058.3
rs35405602,AP001058.3
rs11089118,AP001058.3
rs6918936,SYCP2L
rs6920247,SYCP2L
rs4713082,SYCP2L
rs4711146,SYCP2L
rs7774711,SYCP2L
rs9295733,SYCP2L
rs9468126,SYCP2L
rs1238273,SYCP2L
rs4713103,SYCP2L
rs9461383,SYCP2L
rs9368512,SYCP2L
rs9368513,SYCP2L
rs1225717,SYCP2L
rs66464172,SYCP2L
rs8523,ELOVL2
rs1225737,ELOVL2
rs3734398,ELOVL2
rs4532436,ELOVL2
rs9379992,ELOVL2
rs58988487,ELOVL2
rs3798707,ELOVL2
rs2236212,ELOVL2
rs9295741,ELOVL2
rs61624919,ELOVL2
rs9918362,ELOVL2
rs3798711,ELOVL2
rs1323739,ELOVL2
rs2295602,ELOVL2
rs67580629,ELOVL2
rs3798713,ELOVL2
rs9295752,ELOVL2
rs9380025,ELOVL2
rs3945981,ELOVL2
rs7756794,ELOVL2
rs953413,ELOVL2
rs7743830,ELOVL2
rs1570069,ELOVL2
rs1321536,ELOVL2
rs35460883,ELOVL2
rs3778167,ELOVL2
rs3798720,ELOVL2
rs9295763,RP1-62D2.3
rs9295764,RP1-62D2.3
rs1812685,RP1-62D2.3
rs6920155,RP1-62D2.3
rs2147041,RP1-62D2.3
rs6456810,RP1-62D2.3
rs17675322,RP1-62D2.3
rs9380074,RP1-62D2.3
rs7752895,RP1-62D2.3
rs6900220,RP1-62D2.3
rs7767047,RP1-62D2.3
rs4711171,RP1-62D2.3
rs57896541,RP1-62D2.3
rs9348807,snoU13
rs12526913,snoU13
rs4713169,snoU13
rs4713170,snoU13
rs55914027,C6orf228
rs4711177,C6orf228
rs76767593,C5orf62
rs74973123,C5orf62
rs57406211,C5orf62
rs79442859,C5orf62
rs76872831,C5orf62
rs12655654,C5orf62
rs74955473,C5orf62
rs79780973,C5orf62
rs73282209,C5orf62
rs2161363,C5orf62
rs6875011,C5orf62
rs6874560,C5orf62
rs11748553,C5orf62
rs11746560,C5orf62
rs4958422,C5orf62
rs59715748,C5orf62
rs73282234,C5orf62
rs75294883,C5orf62
rs11949375,IRGM
rs13361189,IRGM
rs76548544,IRGM
rs73282255,IRGM
rs75774363,IRGM
rs80075680,IRGM
rs75071288,IRGM
rs4958842,IRGM
rs4958843,IRGM
rs4958423,IRGM
rs4958424,IRGM
rs2004711,IRGM
rs751627,IRGM
rs34005003,IRGM
rs35707106,IRGM
rs59283234,IRGM
rs34156253,IRGM
rs58398445,IRGM
rs33993564,IRGM
rs61270113,IRGM
rs11748151,IRGM
rs11748158,IRGM
rs10058821,IRGM
rs10051804,IRGM
rs10058943,IRGM
rs10051924,IRGM
rs17111376,IRGM
rs9637876,IRGM
rs9637870,IRGM
rs10065172,IRGM
rs7705542,IRGM
rs58311717,IRGM
rs34249210,IRGM
rs11749391,IRGM
rs80249982,IRGM
rs59842057,IRGM
rs11957134,IRGM
rs12652003,IRGM
rs59624008,IRGM
rs147018773,IRGM
rs11167515,IRGM
rs1000113,IRGM
rs59980321,IRGM
rs10078968,IRGM
rs17727568,IRGM
rs10573212,IRGM
rs1896709,IRGM
rs1896708,IRGM
rs1896707,IRGM
rs6862814,IRGM
rs10875559,IRGM
rs10051412,IRGM
rs10875560,IRGM
rs9324659,IRGM
rs7709388,IRGM
rs7709650,IRGM
rs7709721,IRGM
rs59531858,IRGM
rs12054923,IRGM
rs77698001,IRGM
rs7707064,IRGM
rs12656538,IRGM
rs2115069,IRGM
rs12653039,IRGM
rs2880792,IRGM
rs12657157,IRGM
rs4958425,IRGM
rs11950957,IRGM
rs11958146,IRGM
rs11951694,IRGM
rs11955172,IRGM
rs11955174,IRGM
rs10463307,IRGM
rs10061105,IRGM
rs6579803,IRGM
rs6579804,IRGM
rs112321295,IRGM
rs7734778,IRGM
rs7734928,IRGM
rs10463240,IRGM
rs9324660,IRGM
rs1428555,IRGM
rs1428554,IRGM
rs1428553,IRGM
rs7715981,IRGM
rs7736554,IRGM
rs7736873,IRGM
rs7716903,IRGM
rs11747270,IRGM
rs11167518,IRGM
rs10041072,IRGM
rs1428552,IRGM
rs1428551,IRGM
rs6888072,IRGM
rs6888206,IRGM
rs10463310,IRGM
rs60134818,IRGM
rs73284126,IRGM
rs61530785,IRGM
rs7732643,IRGM
rs7732945,IRGM
rs1820682,IRGM
rs2344181,IRGM
rs4560537,IRGM
rs3900064,IRGM
rs11746108,IRGM
rs11739619,IRGM
rs114244137,IRGM
rs200763879,IRGM
rs11167519,IRGM
rs11167520,IRGM
rs115823027,IRGM
rs73284141,IRGM
rs3906527,IRGM
rs2345001,IRGM
rs3906528,IRGM
rs2344180,IRGM
rs2880791,IRGM
rs10064334,IRGM
rs4579248,IRGM
rs34716763,IRGM
rs3857422,IRGM
rs4352593,IRGM
rs7709464,IRGM
rs10053750,IRGM
rs148630873,IRGM
rs7714415,IRGM
rs7714584,IRGM
rs6579806,IRGM
rs4958848,IRGM
rs1863998,IRGM
rs11167521,IRGM
rs35564298,IRGM
rs10057988,IRGM
rs10052606,IRGM
rs57001853,IRGM
rs2217266,IRGM
rs1816256,IRGM
rs11741861,IRGM
rs4958426,IRGM
rs11743488,IRGM
rs7724036,ZNF300
rs58717741,ZNF300
rs11739677,ZNF300
rs11747065,ZNF300
rs11740172,ZNF300
rs11746807,ZNF300
rs76433514,ZNF300
rs17800886,ZNF300
rs12656600,ZNF300
rs59321715,ZNF300
rs17800987,ZNF300
rs12659118,ZNF300
rs579870,AP001046.5
rs496300,AP001046.5
rs554253,AP001046.5
rs559480,AP001046.5
rs559652,AP001046.5
rs634978,AP001046.6
rs672948,AP001046.6
rs9288699,AC007364.1
rs9288701,AC007364.1
rs12614956,AC007364.1
rs11889862,AC007364.1
rs6802288,CCR3
rs13096142,CCR3
rs13081845,CCR3
rs71615444,CCR3
rs6441953,CCR3
rs4683198,CCR3
rs11356032,CCR3
rs9852052,CCR3
rs67126188,CCR3
rs11711054,CCR3
rs11923720,CCR3
rs7374654,CCR3
rs7374671,CCR3
rs7372094,CCR3
rs6794300,CCR3
rs9813756,CCR3
rs9875668,CCR3
rs9818053,CCR3
rs9856098,CCR3
rs11130089,CCR3
rs10865940,CCR3
rs7634816,CCR3
rs6767895,CCR3
rs11709846,CCR2
rs201628701,CCR2
rs199921017,CCR2
rs6441961,CCR2
rs6441962,CCR2
rs6771900,CCR2
rs6775208,CCR2
rs6441964,CCR2
rs11360624,CCR2
rs4134396,CCR2
rs6785878,CCR2
rs6788723,CCR2
rs2157059,CCR2
rs36030342,CCR2
rs2213291,CCR2
rs2213292,CCR2
rs34148191,CCR2
rs34193387,CCR2
rs62244827,CCR2
rs62244828,CCR2
rs34505903,CCR2
rs5848792,CCR2
rs7626249,CCR2
rs35971655,CCR2
rs35675823,CCR2
rs963045,CCR2
rs2157057,CCR2
rs62244840,CCR2
rs35053103,CCR2
rs2888524,CCR2
rs62244846,CCR2
rs62244848,CCR2
rs35465430,CCR2
rs2097282,CCR2
rs6785981,CCR2
rs2097284,CCR2
rs6441972,CCR2
rs3918358,CCR2
rs3092963,CCR2
rs1799865,CCR2
rs3138042,CCR2
rs762789,CCR2
rs11082304,CABLES1
rs61918369,TRIM48
rs61918370,TRIM48
rs61918371,OR4A16
rs11821737,OR4A16
rs11828816,OR4A16
rs75619483,OR4A16
rs61918380,OR4A16
rs78057082,OR4A16
rs7943639,OR4A16
rs7951955,OR4A16
rs75398777,OR4A16
rs56229188,OR4A16
rs61918383,OR4A16
rs141688996,OR4A16
rs61918384,OR4A16
rs61918385,OR4A16
rs76801938,OR4A16
rs61918386,OR4A16
rs56053002,OR4A16
rs4567485,OR4A16
rs11823288,OR4A16
rs76099131,OR4A16
rs139765148,OR4A16
rs61918389,OR4A16
rs61918390,OR4A16
rs17492508,OR4A16
rs61918393,OR4A16
rs56101935,OR4A16
rs149668660,OR4A16
rs75266357,OR4A16
rs147063073,OR4A16
rs192784786,OR4A16
rs190828091,OR4A16
rs138961952,OR4A16
rs7118618,OR4A16
rs7122841,OR4A16
rs147107072,OR4A16
rs117438754,OR4A16
rs61918405,OR4A16
rs61918406,OR4A16
rs7118951,OR4A16
rs7122104,OR4A16
rs61918407,OR4A16
rs61918408,OR4A16
rs61918409,OR4A16
rs61918410,OR4A16
rs201588158,OR4A16
rs7121804,OR4A16
rs7112124,OR4A16
rs61916162,OR4A16
rs61916163,OR4A16
rs144053614,OR4A16
rs75519906,OR4A16
rs61916164,OR4A16
rs61916165,OR4A16
rs61916166,OR4A16
rs11828245,OR4A16
rs61916167,OR4A16
rs76668468,OR4A16
rs61916168,OR4A16
rs150887100,OR4A16
rs61916169,OR4A16
rs61916170,OR4A16
rs61916171,OR4A16
rs61916172,OR4A16
rs116912712,OR4A16
rs61916173,OR4A15
rs61916174,OR4A15
rs61916175,OR4A15
rs61916176,OR4A15
rs61916177,OR4A15
rs56319311,OR4A15
rs17492564,OR4A15
rs7942656,OR4A15
rs55791965,OR4A15
rs7127405,OR4A15
rs7101448,OR4A15
rs116987455,OR4A15
rs117690436,OR4A15
rs140010073,OR4A15
rs55716293,OR4A15
rs56016316,OR4A15
rs56254738,OR4A15
rs55864866,OR4A15
rs112715158,OR4A15
rs113334225,OR4A15
rs117352062,OR4A15
rs113150368,OR4A15
rs77053681,OR4A15
rs149930715,OR4A15
rs113806764,OR4A15
rs61916184,OR4A15
rs7927370,OR4A15
rs7935986,OR4A15
rs7109010,OR4A15
rs7122234,OR4A15
rs61916211,OR4A15
rs1425192,OR4A15
rs7121552,OR4A15
rs7103234,OR4A15
rs7109436,OR4A15
rs61916212,OR4A15
rs55837706,OR4A15
rs55813754,OR4A15
rs4939219,OR4A15
rs75542762,OR4A15
rs138194345,OR4A15
rs181050534,OR4A15
rs77818322,OR4A15
rs61916217,OR4A15
rs117431413,OR4A15
rs61916218,OR4A15
rs61916219,OR4A15
rs7122704,OR4A15
rs55884431,OR4A15
rs61916222,OR4A15
rs142100533,OR4A15
rs61916224,OR4A15
rs55778392,OR4A15
rs56182407,OR4A15
rs56160445,OR4A15
rs56131310,OR4A15
rs61916229,OR4A15
rs61916230,OR4A15
rs61916231,OR4A15
rs2113914,OR4A15
rs1974929,OR4A15
rs61916232,OR4A15
rs112752859,OR4A15
rs78799386,OR4A15
rs61917374,OR4A15
rs75226237,OR4A15
rs61917375,OR4A15
rs61917376,OR4A15
rs11823212,OR4A15
rs4316524,OR4A15
rs61917377,OR4A15
rs61917378,OR4A15
rs56406459,OR4A15
rs61917381,OR4A15
rs61917382,OR4A15
rs75591211,OR4A15
rs74324220,OR4A15
rs75996181,OR4A15
rs4313601,OR4A15
rs149015546,OR4A15
rs139181683,OR4A15
rs117999297,OR4A15
rs146456720,OR4A15
rs142349890,OR4A15
rs148561696,OR4A15
rs7130059,OR4A15
rs4306304,OR4A15
rs61917392,OR4A15
rs140242111,OR4A15
rs61917394,OR4A15
rs61917395,OR4A15
rs61917396,OR4A15
rs61917397,OR4A15
rs7117005,OR4A15
rs7117108,OR4A15
rs61917398,OR4A15
rs61917399,OR4A15
rs7925927,OR4A15
rs7943036,OR4A15
rs17493401,OR4A15
rs61917402,OR4A15
rs61917403,OR4A15
rs61917404,OR4A15
rs61917431,OR4A15
rs61917432,OR4A15
rs61917433,OR4A15
rs1230338,OR4A15
rs78875307,OR4A15
rs61917434,OR4A15
rs11822905,OR4A15
rs76263540,OR4A15
rs61917435,OR4A15
rs78552915,OR4A15
rs144034956,OR4A15
rs61917437,OR4A15
rs61917438,OR4A15
rs61917439,OR4A15
rs116975251,OR4A15
rs117245504,OR4A15
rs7950848,OR4A15
rs112310844,OR4A15
rs111488862,OR4A15
rs7128574,OR4A15
rs117803056,OR4A15
rs1216243,OR4A15
rs113754984,OR4A15
rs11828589,OR4A15
rs1216240,OR4A15
rs7125205,OR4A15
rs6591439,OR4A15
rs199835407,OR4A15
rs55917312,OR4A15
rs11824035,OR4A15
rs56184662,OR4A15
rs11820751,OR4A15
rs61917447,OR4A15
rs61917448,OR4A15
rs140617098,OR4A15
rs61917449,OR4A15
rs61917450,OR4A15
rs61917451,OR4A15
rs61917452,OR4A15
rs61917453,OR4A15
rs61917454,OR4A15
rs61917455,OR4A15
rs61917456,OR4A15
rs61917457,OR4A15
rs77219956,OR4A15
rs61917458,OR4A15
rs1216215,OR4A15
rs61917459,OR4A15
rs61918160,OR4A15
rs79883073,OR4A15
rs116858638,OR4A15
rs61918161,OR4A15
rs61918207,OR4A15
rs61918208,OR4A15
rs61918209,OR4A15
rs113120351,OR4A15
rs11827405,OR4A15
rs11827428,OR4A15
rs117788647,OR4A15
rs61918210,OR4A15
rs78502527,OR4A15
rs61918211,OR4A15
rs143030169,OR4A15
rs117619703,OR4A15
rs77352583,OR4A15
rs111693873,OR4A15
rs78875731,OR4A15
rs61918212,OR4A15
rs61918213,OR4A15
rs61918214,OR4A15
rs61918215,OR4A15
rs61918216,OR4A15
rs61918217,OR4A15
rs11825313,OR4A15
rs200298273,OR4A15
rs61918218,OR4A15
rs61918219,OR4A15
rs117427130,OR4A15
rs56078420,OR4A15
rs61918221,OR4A15
rs61918223,OR4A15
rs55854157,OR4A15
rs1216206,OR4A15
rs56055236,OR4A15
rs55889092,OR4A15
rs56410859,OR4A15
rs61918227,OR4A15
rs61918228,OR4A15
rs1425195,OR4A15
rs56148636,OR4A15
rs55657490,OR4A15
rs55993784,OR4A15
rs55648313,OR4A15
rs113079896,OR4A15
rs1364765,OR4A15
rs61918233,OR4A15
rs55775069,OR4A15
rs2113916,OR4A15
rs1364762,OR4A15
rs1364761,OR4A15
rs55840989,OR4A15
rs61918235,OR4A15
rs61918236,OR4A15
rs61918237,OR4A15
rs112544779,OR4A15
rs61918251,OR4A15
rs17578388,OR4A15
rs17493596,OR4A15
rs61918252,OR4A15
rs61918253,OR4A15
rs61918254,OR4A15
rs56190422,OR4A15
rs55657388,OR4A15
rs17578479,OR4A15
rs17578535,OR4A15
rs61918257,OR4A15
rs17493710,OR4A15
rs17578661,OR4A15
rs61918258,OR4A15
rs61918259,OR4A15
rs61919260,OR4A15
rs7946346,OR4A15
rs61916361,OR4A15
rs7938739,OR4A15
rs7946976,OR4A15
rs61916362,OR4A15
rs117291952,OR4A15
rs147154545,OR4A15
rs145430545,OR4A15
rs75903194,OR4A15
rs61916365,OR4A15
rs61916366,OR4A15
rs61916367,OR4A15
rs78965149,OR4A15
rs76461222,OR4A15
rs189119383,OR4A15
rs56147666,OR4A15
rs56291726,OR4A15
rs61916374,OR4A15
rs61916375,OR4A15
rs2155029,OR4A15
rs61916376,OR4A15
rs2186595,OR4A15
rs3949112,OR4A15
rs4488212,OR4A15
rs61916394,OR4A15
rs61916395,OR4A15
rs61916396,OR4A15
rs7116208,OR4A15
rs10537218,OR4A15
rs6591466,OR4A15
rs116969778,OR4A15
rs112855500,OR4A15
rs11823346,OR4A15
rs7125031,OR4A15
rs61916398,OR4A15
rs1364759,OR4A15
rs7948802,OR4A15
rs7940928,OR4A15
rs61916400,OR4A15
rs7111663,OR4A15
rs7111681,OR4A15
rs7106100,OR4A15
rs7109287,OR4A15
rs142924672,OR4A15
rs61916402,OR4A15
rs61916403,OR4A15
rs61916404,OR4A15
rs61916405,OR4A15
rs7924882,OR4A15
rs61916407,OR4A15
rs61916408,OR4A15
rs2042591,OR4A15
rs61916409,OR4A15
rs79277988,OR4A15
rs79633274,OR4A15
rs76906133,OR4A15
rs117311484,OR4A15
rs61916410,OR4A15
rs146620178,OR4A15
rs61916411,OR4A15
rs5025344,OR4A15
rs116966729,OR4A15
rs74625780,OR4A15
rs76426677,OR4A15
rs61916412,OR4A15
rs61916413,OR4A15
rs111804449,OR4A15
rs118083243,OR4A15
rs142889383,OR4A15
rs145055973,OR4C15
rs140949373,OR4C15
rs61916442,OR4C15
rs190137652,OR4C15
rs185574124,OR4C15
rs76670258,OR4C15
rs13010713,AC104820.2
rs4667083,AC104820.2
rs1018326,AC104820.2
rs6744620,AC104820.2
rs13405121,AC104820.2
rs56987708,AC104820.2
rs1568257,AC104820.2
rs1996501,AC104820.2
rs10189776,AC104820.2
rs13393689,AC104820.2
rs10153661,AC104820.2
rs2368187,AC104820.2
rs7111028,API5
rs10768913,API5
rs4348887,API5
rs2862694,API5
rs10837999,API5
rs10838003,API5
rs6485394,API5
rs10501293,API5
rs4755694,API5
rs4755185,API5
rs11037235,API5
rs10768914,API5
rs17497596,API5
rs9645617,API5
rs4755695,API5
rs1425850,API5
rs7951266,API5
rs34616641,API5
rs142732024,API5
rs74857940,API5
rs9737353,API5
rs11037243,API5
rs10838010,API5
rs4755698,API5
rs10768916,API5
rs12222341,API5
rs1559762,API5
rs2114087,API5
rs4495880,API5
rs10768918,API5
rs12361827,API5
rs8179786,CASP8
rs10804111,CASP8
rs3185378,CASP8
rs1035142,ALS2CR12
rs700636,ALS2CR12
rs7587417,ALS2CR12
rs13029511,ALS2CR12
rs13016963,ALS2CR12
rs9288316,ALS2CR12
rs7560328,ALS2CR12
rs142123738,ALS2CR12
rs6712091,ALS2CR12
rs6731171,ALS2CR12
rs6735641,ALS2CR12
rs10804112,ALS2CR12
rs2080304,ALS2CR12
rs7222314,RP11-879D6.1
rs11293277,RP11-879D6.1
rs17765332,RP11-879D6.1
rs17765344,RP11-879D6.1
rs9908087,RP11-879D6.1
rs9901566,RP11-879D6.1
rs8071558,RP11-879D6.1
rs8072254,RP11-879D6.1
rs984434,RP11-879D6.1
rs1859962,RP11-879D6.1
rs991429,RP11-879D6.1
rs7217073,RP11-879D6.1
rs7216498,RP11-879D6.1
rs1859963,RP11-879D6.1
rs9889335,RP11-879D6.1
rs9911515,RP11-879D6.1
rs8068266,RP11-879D6.1
rs8072735,RP11-879D6.1
rs148511027,RP11-879D6.1
rs9893698,RP11-879D6.1
rs4793529,RP11-879D6.1
rs6501436,RP11-879D6.1
rs6501437,RP11-879D6.1
rs6501438,RP11-879D6.1
rs12196692,ARG1
rs9398984,ARG1
rs2446215,ARG1
rs7764341,ARG1
rs4280990,ARG1
rs2807278,ARG1
rs2446222,ARG1
rs1572212,ARG1
rs3768716,BARD1
rs3768713,BARD1
rs17487792,BARD1
rs17487827,BARD1
rs3768708,BARD1
rs3768707,BARD1
rs2070096,BARD1
rs16852750,BARD1
rs147923087,BARD1
rs17488049,BARD1
rs7587476,BARD1
rs2121285,BARD1
rs1542173,BARD1
rs62201985,BARD1
rs2734675,BARD1
rs2734674,BARD1
rs34358404,BARD1
rs6451618,GHR
rs17574616,GHR
rs35418208,GHR
rs56781446,GHR
rs61043035,GHR
rs13156541,GHR
rs17636762,GHR
rs34613459,GHR
rs13188386,GHR
rs13154521,GHR
rs60587730,GHR
rs13184352,GHR
rs34975809,GHR
rs35003055,GHR
rs35185573,GHR
rs9763260,GHR
rs6863381,GHR
rs35500216,GHR
rs67812331,GHR
rs4129645,GHR
rs2706401,IL5
rs2522411,IL5
rs2078392,IL5
rs2078387,IL5
rs2078386,IL5
rs12652920,IL5
rs1986009,IL5
rs2706334,IL5
rs10079653,RAD50
rs2706338,RAD50
rs62383710,RAD50
rs2244012,RAD50
rs2299015,RAD50
rs2706345,RAD50
rs2243677,RAD50
rs2706347,RAD50
rs2706348,RAD50
rs2706349,RAD50
rs56668723,RAD50
rs58760622,RAD50
rs62383714,RAD50
rs2522414,RAD50
rs2706353,RAD50
rs17166050,RAD50
rs2522403,RAD50
rs2299013,RAD50
rs2299012,RAD50
rs2246176,RAD50
rs2252775,RAD50
rs35318926,RAD50
rs6898898,RAD50
rs62383715,RAD50
rs55982201,RAD50
rs60490216,RAD50
rs56798121,RAD50
rs2706362,RAD50
rs10463893,RAD50
rs2897443,RAD50
rs3216215,RAD50
rs17622991,RAD50
rs62383750,RAD50
rs2706370,RAD50
rs10463894,RAD50
rs2706372,RAD50
rs2706374,RAD50
rs12187537,RAD50
rs2522392,RAD50
rs11749376,RAD50
rs2522394,RAD50
rs115911400,RAD50
rs59568225,RAD50
rs2245460,RAD50
rs10520114,RAD50
rs2301713,RAD50
rs6596086,RAD50
rs6894017,RAD50
rs2106984,RAD50
rs33932778,RAD50
rs7449456,RAD50
rs71644647,RAD50
rs6873732,RAD50
rs6874184,RAD50
rs62383757,RAD50
rs62383758,RAD50
rs145963617,RAD50
rs3798135,RAD50
rs3798134,RAD50
rs56183820,RAD50
rs6873897,RAD50
rs12332204,RAD50
rs62385260,RAD50
rs6596087,RAD50
rs6866095,RAD50
rs6871536,RAD50
rs12653750,RAD50
rs2040703,RAD50
rs2040704,RAD50
rs6872131,RAD50
rs2074369,RAD50
rs7737470,RAD50
rs11308531,RAD50
rs2240032,RAD50
rs62385261,AC004041.2
rs62385262,AC004041.2
rs60632435,AC004041.2
rs6099616,RBM38
rs6513296,RBM38
rs6123697,RBM38
rs61547234,RBM38
rs6092477,RBM38
rs17212494,RP11-26L20.3
rs56275280,RP11-26L20.3
rs56026013,RP11-26L20.3
rs34329754,RP11-26L20.3
rs35727064,RP11-26L20.3
rs35150130,RP11-26L20.3
rs35255631,RP11-26L20.3
rs34563854,RP11-26L20.3
rs12932559,RP11-26L20.3
rs12920308,RP11-26L20.3
rs68126288,RP11-26L20.3
rs12920285,RP11-26L20.3
rs12920228,RP11-26L20.3
rs12919452,RP11-26L20.3
rs34650988,RP11-26L20.3
rs35976934,RP11-26L20.3
rs12925934,RP11-26L20.3
rs12926302,RP11-26L20.3
rs35865249,RP11-26L20.3
rs9673592,RP11-26L20.3
rs8060748,RP11-26L20.3
rs8061086,RP11-26L20.3
rs34788362,RP11-26L20.3
rs34143320,RP11-26L20.3
rs34735508,RP11-26L20.3
rs12934198,RP11-26L20.3
rs12935550,RP11-26L20.3
rs56353361,RP11-26L20.3
rs72804823,RP11-26L20.3
rs36004814,RP11-26L20.3
rs34290046,RP11-26L20.3
rs35196590,RP11-26L20.3
rs34205824,RP11-26L20.3
rs34613901,RP11-26L20.3
rs55876132,RP11-26L20.3
rs2894877,RP11-26L20.3
rs12935507,RP11-26L20.3
rs11859614,RP11-26L20.3
rs17291845,RP11-26L20.3
rs34334729,RP11-26L20.3
rs12918335,RP11-26L20.3
rs12920083,RP11-26L20.3
rs55709119,RP11-26L20.3
rs12923206,RP11-26L20.3
rs34259554,RP11-26L20.3
rs66495260,RP11-26L20.3
rs72804837,RP11-26L20.3
rs116349097,RP11-26L20.3
rs56184186,RP11-26L20.3
rs56285784,RP11-26L20.3
rs55764334,RP11-26L20.3
rs34499186,RP11-26L20.3
rs55662711,RP11-26L20.3
rs55766138,RP11-26L20.3
rs2001620,RP11-26L20.3
rs7191847,RP11-26L20.3
rs12926964,RP11-26L20.3
rs17292278,RP11-26L20.3
rs35422519,RP11-26L20.3
rs2894880,RP11-26L20.3
rs35224995,RP11-26L20.3
rs78213859,RP11-26L20.3
rs72804856,RP11-26L20.3
rs12923116,RP11-26L20.3
rs67539773,RP11-26L20.3
rs12921188,RP11-26L20.3
rs67553570,RP11-26L20.3
rs17214578,RP11-26L20.3
rs34977318,RP11-26L20.3
rs56376446,RP11-26L20.3
rs67279402,RP11-26L20.3
rs34881858,RP11-26L20.3
rs2218488,EYA1
rs73070149,AC018359.1
rs73070151,AC018359.1
rs116145012,AC018359.1
rs73070155,AC018359.1
rs5847849,AC018359.1
rs41321847,AC018359.1
rs73070161,AC018359.1
rs1403444,AC018359.1
rs950381,AC018359.1
rs60903988,AC018359.1
rs73061925,AC018359.1
rs73061926,AC018359.1
rs73061928,AC018359.1
rs60594133,AC018359.1
rs2358738,AC018359.1
rs9647406,AC018359.1
rs3951321,AC018359.1
rs17032404,AC018359.1
rs72496979,AC018359.1
rs17032415,AC018359.1
rs11129621,AC018359.1
rs73061941,AC018359.1
rs73061942,AC018359.1
rs11129622,AC018359.1
rs11129623,AC018359.1
rs11129625,AC018359.1
rs885314,AC018359.1
rs2091029,AC018359.1
rs73061946,AC018359.1
rs73061947,AC018359.1
rs17032468,AC018359.1
rs17032471,AC018359.1
rs55956243,AC018359.1
rs55959781,AC018359.1
rs17032485,AC018359.1
rs17032486,AC018359.1
rs73061952,AC018359.1
rs73061954,AC018359.1
rs73061956,AC018359.1
rs113368156,AC018359.1
rs76056483,AC018359.1
rs112741329,AC018359.1
rs111773129,AC018359.1
rs113942936,AC018359.1
rs141713372,AC018359.1
rs148462908,AC018359.1
rs142562298,AC018359.1
rs150968552,AC018359.1
rs139442489,AC018359.1
rs149203568,AC018359.1
rs78734224,AC018359.1
rs114087885,AC018359.1
rs79002780,AC018359.1
rs76789911,AC018359.1
rs141260115,U6
rs73061958,U6
rs73061959,U6
rs6801365,U6
rs6803584,U6
rs60839644,U6
rs10514688,U6
rs17032513,U6
rs6767733,U6
rs6795307,U6
rs4461374,U6
rs4267603,U6
rs9844404,U6
rs9835451,U6
rs4292188,U6
rs4305379,U6
rs9843613,U6
rs11129626,U6
rs4678726,U6
rs9756096,U6
rs10085558,SFRP4
rs2122625,SFRP4
rs2290223,SFRP4
rs2290221,SFRP4
rs16879765,SFRP4
rs117402009,SFRP4
rs17171229,SFRP4
rs114929416,SFRP4
rs117387543,SFRP4
rs79590116,SFRP4
rs75182114,SFRP4
rs114259259,SFRP4
rs10488618,SFRP4
rs118034834,SFRP4
rs6965376,SFRP4
rs74335252,SFRP4
rs145159117,SFRP4
rs17171238,SFRP4
rs2122620,SFRP4
rs117575966,SFRP4
rs117329120,SFRP4
rs2044830,SFRP4
rs17171240,SFRP4
rs7069923,CACNB2
rs3998799,HLA-F
rs2735057,HLA-F
rs2743922,HLA-F
rs2523397,HLA-F
rs2523396,HLA-F
rs2107184,HLA-F
rs2743919,HLA-F
rs2743918,HLA-F
rs2844832,HLA-F
rs2743917,HLA-F
rs2523393,HLA-F
rs2523391,HLA-F
rs2523389,HLA-F
rs2844830,HLA-F-AS1
rs2523388,HLA-F-AS1
rs2523387,HLA-F-AS1
rs199801262,HLA-F-AS1
rs5875205,HLA-F-AS1
rs2517939,HLA-F-AS1
rs2076176,HLA-F-AS1
rs2743949,HLA-F-AS1
rs2743948,HLA-F-AS1
rs2844846,HLA-F-AS1
rs2814982,C6orf106
rs10483727,U3
rs34935520,RP11-1042B17.5
rs35155027,RP11-1042B17.5
rs35320790,RP11-1042B17.5
rs72932707,ICA1L
rs72932709,ICA1L
rs72932711,ICA1L
rs72932716,ICA1L
rs72932720,ICA1L
rs72932722,ICA1L
rs72932723,ICA1L
rs72932725,ICA1L
rs72932727,ICA1L
rs72932731,ICA1L
rs143911965,ICA1L
rs72932737,ICA1L
rs139738276,ICA1L
rs6732078,ICA1L
rs6435168,ICA1L
rs72932741,ICA1L
rs6705330,ICA1L
rs72932745,ICA1L
rs72932746,ICA1L
rs78128841,ICA1L
rs76122535,ICA1L
rs72932752,ICA1L
rs72932753,ICA1L
rs144505847,ICA1L
rs202136018,ICA1L
rs80087860,ICA1L
rs74675536,ICA1L
rs72932755,ICA1L
rs72932759,ICA1L
rs115400054,ICA1L
rs72932763,ICA1L
rs72932765,ICA1L
rs72932767,ICA1L
rs72932770,ICA1L
rs72932772,ICA1L
rs79633844,ICA1L
rs75141346,ICA1L
rs72932774,ICA1L
rs151143195,ICA1L
rs72932776,ICA1L
rs72932777,ICA1L
rs115628302,ICA1L
rs75166090,ICA1L
rs143805266,ICA1L
rs72932780,ICA1L
rs114520702,ICA1L
rs72932781,ICA1L
rs75324925,ICA1L
rs72932784,ICA1L
rs72932786,ICA1L
rs72932789,ICA1L
rs144630409,ICA1L
rs72932791,ICA1L
rs72932793,ICA1L
rs72934704,ICA1L
rs72934706,ICA1L
rs72934707,ICA1L
rs72934710,ICA1L
rs72934711,ICA1L
rs72934714,ICA1L
rs72934715,ICA1L
rs140154196,ICA1L
rs114372659,ICA1L
rs146900385,ICA1L
rs150622102,ICA1L
rs114155121,ICA1L
rs143385727,ICA1L
rs148442156,ICA1L
rs147100405,ICA1L
rs115396314,ICA1L
rs114139737,ICA1L
rs7605484,ICA1L
rs115130739,ICA1L
rs115827549,ICA1L
rs145643482,ICA1L
rs72934725,ICA1L
rs140606214,ICA1L
rs145664840,ICA1L
rs150559122,ICA1L
rs186399184,ICA1L
rs147361301,ICA1L
rs144997119,ICA1L
rs7608755,ICA1L
rs3845800,ICA1L
rs4510208,ICA1L
rs145741252,ICA1L
rs149846585,ICA1L
rs72934729,ICA1L
rs6723704,ICA1L
rs72934732,ICA1L
rs72934734,ICA1L
rs72934735,ICA1L
rs146973310,ICA1L
rs72934737,ICA1L
rs72934738,ICA1L
rs79539678,ICA1L
rs72934740,WDR12
rs139643391,WDR12
rs115953525,WDR12
rs72934745,WDR12
rs148513392,WDR12
rs6722332,WDR12
rs6725887,WDR12
rs72934749,WDR12
rs72934751,WDR12
rs143035655,WDR12
rs6738618,WDR12
rs72934753,WDR12
rs116382857,WDR12
rs77268589,WDR12
rs6435169,WDR12
rs7582720,WDR12
rs72934762,WDR12
rs7560547,WDR12
rs72934763,WDR12
rs72934764,WDR12
rs72934765,WDR12
rs147330550,WDR12
rs150788469,WDR12
rs77931721,WDR12
rs149016309,WDR12
rs35212307,WDR12
rs72934767,WDR12
rs142603618,WDR12
rs114395475,WDR12
rs72936830,WDR12
rs72936834,WDR12
rs114899426,WDR12
rs72936838,WDR12
rs72936839,WDR12
rs72936842,WDR12
rs72936846,WDR12
rs72936847,WDR12
rs72936852,WDR12
rs72936856,WDR12
rs138805020,WDR12
rs7591653,WDR12
rs7603972,WDR12
rs9749722,WDR12
rs72936860,WDR12
rs72936862,WDR12
rs72936866,WDR12
rs114527590,WDR12
rs72936869,WDR12
rs72936870,WDR12
rs72936872,WDR12
rs72936873,WDR12
rs72936875,WDR12
rs72936879,WDR12
rs72936881,WDR12
rs72936882,WDR12
rs191602009,WDR12
rs142250318,WDR12
rs114393235,WDR12
rs72926767,WDR12
rs72926769,WDR12
rs145842986,WDR12
rs72926771,WDR12
rs72926772,WDR12
rs77230711,WDR12
rs72926779,WDR12
rs140061969,WDR12
rs75869289,WDR12
rs144990234,WDR12
rs140244541,WDR12
rs72926781,WDR12
rs72926782,WDR12
rs116773016,WDR12
rs114604411,WDR12
rs140317123,WDR12
rs76298043,WDR12
rs72926783,WDR12
rs72926786,WDR12
rs72926787,WDR12
rs116678869,WDR12
rs114702158,WDR12
rs72926791,WDR12
rs114110842,WDR12
rs114079739,WDR12
rs140099257,WDR12
rs72926793,WDR12
rs72926794,WDR12
rs72926796,WDR12
rs72926798,WDR12
rs199617101,WDR12
rs148196090,WDR12
rs72926799,WDR12
rs201810558,WDR12
rs72926800,WDR12
rs115194657,WDR12
rs72926802,WDR12
rs79642273,WDR12
rs114123510,WDR12
rs74421437,WDR12
rs72928605,WDR12
rs149268645,WDR12
rs141002954,WDR12
rs1541853,WDR12
rs72928608,WDR12
rs72928609,WDR12
rs72928610,WDR12
rs72928613,WDR12
rs143450835,WDR12
rs72928620,WDR12
rs72932553,WDR12
rs7579667,WDR12
rs72932554,WDR12
rs72932556,WDR12
rs72932557,WDR12
rs72932558,WDR12
rs72932559,WDR12
rs72932560,WDR12
rs72932561,WDR12
rs76890136,WDR12
rs140868713,WDR12
rs72932566,WDR12
rs72932572,WDR12
rs72932573,WDR12
rs148707292,WDR12
rs145299755,WDR12
rs140750546,WDR12
rs76461893,WDR12
rs72932574,WDR12
rs72932575,WDR12
rs72932583,WDR12
rs6728861,WDR12
rs148812085,WDR12
rs4675310,NBEAL1
rs2351524,NBEAL1
rs72932588,NBEAL1
rs72932590,NBEAL1
rs145538381,NBEAL1
rs115654617,NBEAL1
rs140168762,NBEAL1
rs72934505,NBEAL1
rs2298574,CDH2
rs6802677,UTS2D
rs12486011,UTS2D
rs3214008,UTS2D
rs4687207,UTS2D
rs61123810,UTS2D
rs61193081,UTS2D
rs7644967,UTS2D
rs6788097,UTS2D
rs6444532,UTS2D
rs6444533,UTS2D
rs6444534,UTS2D
rs6788319,UTS2D
rs6444535,UTS2D
rs7633752,UTS2D
rs7645540,UTS2D
rs10937468,UTS2D
rs10937469,UTS2D
rs10937470,UTS2D
rs12488359,UTS2D
rs78830695,UTS2D
rs2603685,UTS2D
rs35516892,UTS2D
rs2124079,UTS2D
rs4388026,UTS2D
rs2117542,UTS2D
rs74464721,UTS2D
rs2164235,UTS2D
rs2603683,UTS2D
rs2572057,UTS2D
rs2603682,UTS2D
rs2603681,UTS2D
rs2631670,UTS2D
rs2603680,UTS2D
rs2603679,UTS2D
rs139130444,UTS2D
rs2603678,UTS2D
rs2603677,UTS2D
rs2631671,UTS2D
rs2364375,UTS2D
rs34046617,UTS2D
rs2124078,UTS2D
rs2124077,UTS2D
rs2631672,UTS2D
rs2603674,UTS2D
rs2603673,UTS2D
rs2603672,UTS2D
rs2603671,UTS2D
rs2603670,UTS2D
rs2603669,UTS2D
rs2603668,UTS2D
rs11719858,VGLL3
rs74749291,VGLL3
rs62257269,VGLL3
rs62257270,VGLL3
rs9755867,VGLL3
rs9758264,VGLL3
rs9758500,VGLL3
rs9756134,VGLL3
rs9757396,VGLL3
rs9310043,VGLL3
rs9681938,VGLL3
rs9682128,VGLL3
rs9682134,VGLL3
rs9757188,VGLL3
rs9758444,VGLL3
rs9681197,VGLL3
rs9713182,VGLL3
rs9713450,VGLL3
rs9713459,VGLL3
rs9756085,VGLL3
rs9756114,VGLL3
rs7638201,VGLL3
rs7642134,VGLL3
rs9842925,VGLL3
rs7633281,VGLL3
rs6551384,VGLL3
rs6551494,VGLL3
rs7433355,VGLL3
rs9831548,VGLL3
rs77516893,VGLL3
rs7652100,VGLL3
rs7426518,VGLL3
rs7428262,VGLL3
rs7430324,VGLL3
rs7427084,VGLL3
rs13070989,VGLL3
rs13093618,VGLL3
rs7427577,VGLL3
rs9864034,VGLL3
rs9868316,VGLL3
rs9868090,VGLL3
rs9869007,VGLL3
rs9831416,VGLL3
rs9869433,VGLL3
rs200437797,VGLL3
rs7630422,VGLL3
rs9828863,VGLL3
rs9847167,VGLL3
rs9809980,VGLL3
rs9833690,VGLL3
rs13064692,VGLL3
rs13088306,VGLL3
rs7643213,VGLL3
rs7643326,VGLL3
rs12497862,VGLL3
rs7623510,VGLL3
rs7635952,VGLL3
rs7644095,VGLL3
rs6551383,VGLL3
rs9882146,VGLL3
rs9845020,VGLL3
rs7611579,VGLL3
rs7426824,VGLL3
rs6551439,VGLL3
rs6551440,VGLL3
rs6551444,VGLL3
rs13091789,VGLL3
rs9862628,VGLL3
rs9880801,VGLL3
rs10433501,VGLL3
rs4130976,VGLL3
rs7622680,VGLL3
rs4859048,VGLL3
rs9869786,VGLL3
rs13097914,VGLL3
rs9881446,VGLL3
rs6784456,VGLL3
rs9654050,VGLL3
rs9813459,VGLL3
rs6551465,VGLL3
rs6551466,VGLL3
rs6794181,VGLL3
rs6774777,VGLL3
rs13082048,VGLL3
rs4639236,ADAMTS12
rs10941074,ADAMTS12
rs10941075,ADAMTS12
rs4866352,ADAMTS12
rs12110020,ADAMTS12
rs12110037,ADAMTS12
rs6862356,ADAMTS12
rs4380665,ADAMTS12
rs6868223,ADAMTS12
rs6868084,ADAMTS12
rs35529483,ADAMTS12
rs57395688,ADAMTS12
rs55943381,ADAMTS12
rs4076944,ADAMTS12
rs4263503,ADAMTS12
rs3935845,ADAMTS12
rs3935844,ADAMTS12
rs7561273,MFSD2B
rs4665652,MFSD2B
rs4665653,MFSD2B
rs2339940,MFSD2B
rs3203,C2orf44
rs62371281,CAMK4
rs10491334,CAMK4
rs4667114,AC104820.2
rs4667115,AC104820.2
rs6740034,AC104820.2
rs12620692,AC104820.2
rs6735551,AC104820.2
rs12622612,AC104820.2
rs4667118,AC104820.2
rs9678124,AC104820.2
rs12615545,AC104820.2
rs4514841,AC104820.2
rs4524093,AC104820.2
rs7593597,AC104820.2
rs7580110,AC104820.2
rs12619531,AC104820.2
rs4522566,AC104820.2
rs4441425,AC104820.2
rs4563183,AC104820.2
rs10209191,AC104820.2
rs4439920,AC104820.2
rs4667127,AC104820.2
rs4667128,AC104820.2
rs4667129,AC104820.2
rs4667130,AC104820.2
rs4666715,AC104820.2
rs4666716,AC104820.2
rs4233790,AC104820.2
rs4667135,AC104820.2
rs4666717,AC104820.2
rs12615998,AC104820.2
rs12616042,AC104820.2
rs4444479,AC104820.2
rs12693272,AC104820.2
rs7561880,AC104820.2
rs4496291,AC104820.2
rs7355751,AC104820.2
rs7355617,AC104820.2
rs10930961,AC104820.2
rs10930962,AC104820.2
rs4401183,AC104820.2
rs9262631,HCG22
rs9262632,HCG22
rs9262653,HCG22
rs9262655,HCG22
rs2458414,DCSTAMP
rs2514667,DCSTAMP
rs2458413,DCSTAMP
rs200918508,KB-1552D7.2
rs34119022,KB-1552D7.2
rs2669450,KB-1552D7.2
rs2669448,KB-1552D7.2
rs6468395,RBPMS
rs10099372,RBPMS
rs3757916,RBPMS
rs7816334,GTF2E2
rs9297251,GTF2E2
rs6990642,GTF2E2
rs6995067,GTF2E2
rs10441486,GTF2E2
rs11783765,GTF2E2
rs6468407,GTF2E2
rs2979522,GTF2E2
rs6982165,GTF2E2
rs2978288,GTF2E2
rs2978287,GTF2E2
rs2979520,GTF2E2
rs2978282,GTF2E2
rs2978279,GTF2E2
rs2979530,GTF2E2
rs59806723,GTF2E2
rs3779642,GTF2E2
rs2979532,GTF2E2
rs2979534,GTF2E2
rs2978276,GTF2E2
rs2978275,GTF2E2
rs113520051,GTF2E2
rs2979490,GTF2E2
rs2978272,GTF2E2
rs2979494,GTF2E2
rs2979495,GTF2E2
rs2978269,GTF2E2
rs2979496,GTF2E2
rs2978263,GS1-211B7.1
rs2978258,GS1-211B7.1
rs4733196,GS1-211B7.1
rs4733502,GS1-211B7.1
rs16877241,GS1-211B7.1
rs55700086,GTF2E2
rs61670303,GTF2E2
rs9642778,GTF2E2
rs9721100,GTF2E2
rs9642779,GTF2E2
rs73245371,GTF2E2
rs11279224,GTF2E2
rs73245374,GTF2E2
rs13278841,GTF2E2
rs73245375,GTF2E2
rs73245379,GTF2E2
rs55845305,GTF2E2
rs60285910,GTF2E2
rs56280309,GTF2E2
rs9983440,Metazoa_SRP
rs57407375,Metazoa_SRP
rs62209371,Metazoa_SRP
rs62209373,Metazoa_SRP
rs56374637,Metazoa_SRP
rs2212888,Metazoa_SRP
rs2212889,Metazoa_SRP
rs12106391,Metazoa_SRP
rs7279441,Metazoa_SRP
rs199582277,Metazoa_SRP
rs13433462,Metazoa_SRP
rs199741602,Metazoa_SRP
rs13051951,Metazoa_SRP
rs58017672,Metazoa_SRP
rs12483157,Metazoa_SRP
rs56199652,Metazoa_SRP
rs10831283,RP11-856F16.2
rs10831284,RP11-856F16.2
rs11742144,AHRR
rs56182240,AHRR
rs56346498,AHRR
rs55948934,AHRR
rs55932239,AHRR
rs72717407,AHRR
rs143087196,AHRR
rs12188678,AHRR
rs12188164,AHRR
rs72717410,AHRR
rs72717411,AHRR
rs72717412,AHRR
rs113129808,AHRR
rs72717414,AHRR
rs72717415,AHRR
rs34453673,AHRR
rs35342079,AHRR
rs148932510,AHRR
rs56104584,AHRR
rs55842567,AHRR
rs56042615,AHRR
rs34847072,AHRR
rs72717425,AHRR
rs12153091,C5orf55
rs150095194,C5orf55
rs1056465,C5orf55
rs56146525,C5orf55
rs77101200,C5orf55
rs115554641,C5orf55
rs182219748,EXOC3
rs11739543,EXOC3
rs72717430,EXOC3
rs72717432,EXOC3
rs12187440,EXOC3
rs138721639,EXOC3
rs72717435,EXOC3
rs72717436,EXOC3
rs72717438,EXOC3
rs72717440,EXOC3
rs6889494,EXOC3
rs11743639,EXOC3
rs11745789,EXOC3
rs11744539,EXOC3
rs11745923,SLC9A3
rs11743825,SLC9A3
rs202144917,SLC9A3
rs41282625,SLC9A3
rs2230437,SLC9A3
rs2001542,TNIP1
rs6579837,TNIP1
rs2233290,TNIP1
rs2042234,TNIP1
rs2233287,TNIP1
rs17111708,TNIP1
rs73272818,TNIP1
rs10057690,TNIP1
rs59926079,TNIP1
rs58474444,TNIP1
rs73272828,TNIP1
rs75805068,TNIP1
rs7069382,RP11-500G10.6
rs7084627,RP11-500G10.6
rs1109019,RP11-500G10.6
rs913627,RP11-500G10.6
rs4751185,RP11-500G10.6
rs4751186,RP11-500G10.6
rs4751187,RP11-500G10.6
rs1999109,RP11-500G10.6
rs7069495,RP11-500G10.6
rs6482783,RP11-500G10.6
rs2771227,RP11-500G10.6
rs2771226,RP11-500G10.6
rs2771225,RP11-500G10.6
rs1407892,SOX21-AS1
rs12871630,SOX21-AS1
rs7329015,SOX21-AS1
rs7997616,SOX21-AS1
rs1209118,SOX21-AS1
rs7988127,SOX21-AS1
rs4773819,SOX21-AS1
rs1407893,SOX21-AS1
rs1359409,SOX21-AS1
rs9516478,SOX21-AS1
rs9516479,SOX21-AS1
rs6492751,SOX21-AS1
rs1408651,SOX21-AS1
rs9302000,SOX21-AS1
rs1407895,SOX21-AS1
rs9302001,SOX21-AS1
rs9524624,SOX21-AS1
rs12583303,SOX21-AS1
rs35101037,SOX21-AS1
rs57463511,SOX21-AS1
rs9516481,SOX21-AS1
rs199833141,SOX21-AS1
rs9524627,SOX21-AS1
rs7338557,SOX21-AS1
rs1324863,SOX21-AS1
rs4674161,DIRC3
rs12989997,DIRC3
rs55806820,DIRC3
rs1478577,DIRC3
rs1382432,DIRC3
rs13428040,DIRC3
rs12617808,DIRC3
rs966423,DIRC3
rs1939214,NRGN
rs12807809,NRGN
rs36053597,NRGN
rs36063562,DCC
rs1943132,DCC
rs4245252,DCC
rs8087529,DCC
rs6508178,DCC
rs1943136,DCC
rs7241742,DCC
rs7233480,DCC
rs1943106,DCC
rs6508179,DCC
rs35504520,DCC
rs6508180,DCC
rs4940229,DCC
rs9955796,DCC
rs6508181,DCC
rs4940231,DCC
rs4940232,DCC
rs4939714,DCC
rs8098489,DCC
rs6508182,DCC
rs9958458,DCC
rs9962633,DCC
rs9956051,DCC
rs28583496,DCC
rs7504990,DCC
rs714,DCC
rs7506663,DCC
rs9957080,DCC
rs9304437,DCC
rs6508183,DCC
rs7234521,DCC
rs7238466,DCC
rs7507060,DCC
rs11082960,DCC
rs7237308,DCC
rs7236076,DCC
rs6508184,DCC
rs7504512,DCC
rs7506454,DCC
rs9944713,DCC
rs7233818,DCC
rs9951405,DCC
rs4940234,DCC
rs8094933,DCC
rs7505529,DCC
rs4077283,DCC
rs4078289,DCC
rs4078288,DCC
rs7504750,DCC
rs12955701,DCC
rs7504389,DCC
rs7629996,RBMS3
rs2888165,RBMS3
rs2371829,RBMS3
rs4626052,RBMS3
rs4680849,RBMS3
rs4599260,RBMS3
rs10510628,RBMS3
rs9822362,RBMS3
rs6804210,RBMS3
rs9310918,RBMS3
rs35831867,RBMS3
rs7644003,RBMS3
rs4680853,RBMS3
rs4680731,RBMS3
rs4680854,RBMS3
rs7648919,RBMS3
rs9859877,RBMS3
rs10510629,RBMS3
rs9905220,SKAP1
rs9895123,SKAP1
rs9895985,SKAP1
rs7225998,SKAP1
rs9909872,SKAP1
rs9899213,SKAP1
rs9905961,SKAP1
rs2084881,SKAP1
rs8082009,SKAP1
rs12453208,SKAP1
rs8068397,SKAP1
rs7212930,SKAP1
rs8065385,SKAP1
rs4556829,SKAP1
rs9906193,SKAP1
rs9901279,SKAP1
rs9910535,SKAP1
rs6504158,AC090627.1
rs12937965,AC090627.1
rs4312351,AC090627.1
rs7219985,AC090627.1
rs9890488,SKAP1
rs7209855,SKAP1
rs9916227,SKAP1
rs9894812,SKAP1
rs12452212,SKAP1
rs12452234,SKAP1
rs7213513,SKAP1
rs7219816,SKAP1
rs4131712,SKAP1
rs16955397,SKAP1
rs12450081,SKAP1
rs7221770,SKAP1
rs4451990,SKAP1
rs7210445,SKAP1
rs7214589,SKAP1
rs8068128,SKAP1
rs6504172,SKAP1
rs7222452,SKAP1
rs9303542,SKAP1
rs12450014,SKAP1
rs9747133,SKAP1
rs8074443,SKAP1
rs1553751,SKAP1
rs1553752,SKAP1
rs1553753,SKAP1
rs9897162,SKAP1
rs9909002,SKAP1
rs8067953,SKAP1
rs12944592,SKAP1
rs8078038,SKAP1
rs7207928,SKAP1
rs9907699,SKAP1
rs9906651,SKAP1
rs9891073,SKAP1
rs12948017,SKAP1
rs1553749,SKAP1
rs1912153,SKAP1
rs1912154,SKAP1
rs7210708,SKAP1
rs7216971,SKAP1
rs7217025,SKAP1
rs8074212,SKAP1
rs12953245,SKAP1
rs11079818,SKAP1
rs6504203,RP11-433M22.1
rs11655672,RP11-433M22.1
rs2056458,SKAP1
rs7209522,SKAP1
rs8073888,SKAP1
rs7212149,SKAP1
rs12938640,SKAP1
rs12451412,SKAP1
rs12450935,SKAP1
rs12946636,SKAP1
rs12449653,SKAP1
rs12940365,SKAP1
rs62064554,SKAP1
rs2175158,SKAP1
rs12941926,SKAP1
rs12450786,SKAP1
rs8068623,SKAP1
rs7217120,SKAP1
rs9890142,SKAP1
rs9897588,SKAP1
rs61487802,SKAP1
rs7209043,SKAP1
rs5000249,SKAP1
rs7207826,SKAP1
rs4261589,SKAP1
rs7218345,SKAP1
rs9891635,SKAP1
rs9900511,SKAP1
rs4611812,ADAMTS9-AS2
rs6795735,ADAMTS9-AS2
rs9311910,ADAMTS9-AS2
rs9870517,ADAMTS9-AS2
rs918466,ADAMTS9-AS2
rs7428936,ADAMTS9-AS2
rs10715116,ADAMTS9-AS2
rs17727064,ADAMTS9-AS2
rs62247658,ADAMTS9-AS2
rs6445425,ADAMTS9-AS2
rs4688508,ADAMTS9-AS2
rs12108088,ADAMTS9-AS2
rs13096392,ADAMTS9-AS2
rs7638565,ADAMTS9-AS2
rs6775974,ADAMTS9-AS2
rs17676309,ADAMTS9-AS2
rs72702400,PTPRD
rs11791648,PTPRD
rs112674477,PTPRD
rs112017373,PTPRD
rs72704311,PTPRD
rs7034030,PTPRD
rs7033402,PTPRD
rs72704314,PTPRD
rs141004248,PTPRD
rs80325704,PTPRD
rs72704316,PTPRD
rs72704318,PTPRD
rs72704320,PTPRD
rs7033382,PTPRD
rs72704322,PTPRD
rs11788684,PTPRD
rs1975198,PTPRD
rs1975197,PTPRD
rs12685098,PTPRD
rs56343749,PTPRD
rs12683467,PTPRD
rs72704328,PTPRD
rs72704329,PTPRD
rs72704330,PTPRD
rs118166957,PTPRD
rs10260360,TMEM196
rs6974669,TMEM196
rs2892940,TMEM196
rs7791038,TMEM196
rs57916046,TMEM196
rs10260527,TMEM196
rs7812001,TMEM196
rs7779902,TMEM196
rs714238,TMEM196
rs714239,TMEM196
rs12666159,TMEM196
rs12672557,TMEM196
rs6977660,TMEM196
rs13230910,TMEM196
rs13231036,TMEM196
rs1468288,TMEM196
rs12673970,TMEM196
rs13233821,TMEM196
rs10273208,TMEM196
rs12531373,TMEM196
rs6943114,TMEM196
rs34367208,TMEM196
rs35784097,TMEM196
rs2107403,TMEM196
rs10226962,TMEM196
rs10240816,TMEM196
rs5017197,TMEM196
rs5017196,TMEM196
rs5017195,TMEM196
rs5017194,TMEM196
rs5017193,TMEM196
rs5017192,TMEM196
rs5017191,TMEM196
rs13237667,TMEM196
rs6973890,TMEM196
rs6953957,TMEM196
rs10275322,TMEM196
rs6955510,TMEM196
rs34020822,TMEM196
rs6959678,TMEM196
rs6959591,TMEM196
rs6959889,TMEM196
rs10279601,TMEM196
rs10249989,TMEM196
rs10279525,TMEM196
rs10240227,TMEM196
rs4719584,TMEM196
rs4721825,TMEM196
rs10277755,TMEM196
rs11524128,TMEM196
rs12668201,TMEM196
rs147602815,AC004543.2
rs9639334,AC004543.2
rs9638765,AC004543.2
rs10225293,AC004543.2
rs10263564,AC004543.2
rs10249996,AC004543.2
rs10254261,AC004543.2
rs7781975,AC004543.2
rs10270447,AC004543.2
rs10227692,AC004543.2
rs10274447,AC004543.2
rs2097811,AC004543.2
rs7797236,AC004543.2
rs7796933,AC004543.2
rs10090060,GDAP1
rs6992221,CTD-2320G14.2
rs12545409,GDAP1
rs138381140,GDAP1
rs13277749,GDAP1
rs10093042,GDAP1
rs7842662,GDAP1
rs149652154,GDAP1
rs12544032,GDAP1
rs10092584,GDAP1
rs6997725,GDAP1
rs4339639,GDAP1
rs12548680,GDAP1
rs4471028,GDAP1
rs4469448,GDAP1
rs12546775,GDAP1
rs10098296,GDAP1
rs7813767,GDAP1
rs4305896,GDAP1
rs148100606,GDAP1
rs13264285,GDAP1
rs10093087,GDAP1
rs10108295,GDAP1
rs10957712,GDAP1
rs10957713,GDAP1
rs10109451,GDAP1
rs10957714,GDAP1
rs78103255,GDAP1
rs10110715,GDAP1
rs7814378,GDAP1
rs6472846,GDAP1
rs10957715,GDAP1
rs10957716,GDAP1
rs66680283,GDAP1
rs10957717,GDAP1
rs12548001,GDAP1
rs12576990,ETS1
rs12576753,ETS1
rs77989778,ETS1
rs201591972,ETS1
rs12293665,ETS1
rs72106982,ETS1
rs6590330,ETS1
rs11602895,ETS1
rs11221307,ETS1
rs61909063,ETS1
rs11501246,ETS1
rs140066073,ETS1
rs12574073,ETS1
rs61432431,ETS1
rs12575600,ETS1
rs1128334,ETS1
rs1605167,RP11-453M23.1
rs4941327,RP11-453M23.1
rs4941328,RP11-453M23.1
rs12961832,RP11-453M23.1
rs34201299,RP11-453M23.1
rs9646588,RP11-453M23.1
rs12966946,RP11-453M23.1
rs12957229,RP11-453M23.1
rs35180984,RP11-453M23.1
rs62090256,RP11-453M23.1
rs12968286,RP11-453M23.1
rs12968290,RP11-453M23.1
rs201640344,RP11-453M23.1
rs12970109,RP11-453M23.1
rs7229210,RP11-453M23.1
rs201356179,RP11-453M23.1
rs62992462,RP11-453M23.1
rs1944312,RP11-453M23.1
rs12955982,RP11-453M23.1
rs12956932,RP11-453M23.1
rs12956956,RP11-453M23.1
rs7234664,RP11-453M23.1
rs7238770,RP11-453M23.1
rs7239328,RP11-453M23.1
rs1944311,RP11-453M23.1
rs2212731,RP11-453M23.1
rs6566166,RP11-453M23.1
rs8083346,RP11-453M23.1
rs8099599,RP11-453M23.1
rs11345401,RP11-453M23.1
rs1944310,RP11-453M23.1
rs12953661,RP11-453M23.1
rs147177491,RP11-453M23.1
rs8088498,RP11-453M23.1
rs7231999,RP11-453M23.1
rs12959594,RP11-453M23.1
rs7237779,RP11-453M23.1
rs8093722,RP11-453M23.1
rs1304351,RP11-453M23.1
rs12955819,RP11-453M23.1
rs725657,RP11-453M23.1
rs725658,RP11-453M23.1
rs1587969,RP11-453M23.1
rs725659,RP11-453M23.1
rs2032214,RP11-453M23.1
rs11151196,RP11-453M23.1
rs1587963,RP11-453M23.1
rs753126,RP11-453M23.1
rs12958425,RP11-453M23.1
rs12964025,RP11-453M23.1
rs12964499,RP11-453M23.1
rs140412249,RP11-453M23.1
rs12959369,RP11-453M23.1
rs200280291,RP11-453M23.1
rs62087869,RP11-453M23.1
rs62087870,RP11-453M23.1
rs7238602,RP11-453M23.1
rs7239377,RP11-453M23.1
rs12966197,RP11-453M23.1
rs60163641,RP11-453M23.1
rs7226528,RP11-453M23.1
rs7226538,RP11-453M23.1
rs12963183,RP11-453M23.1
rs2135332,RP11-453M23.1
rs12968541,RP11-453M23.1
rs17074710,RP11-453M23.1
rs7243532,RP11-453M23.1
rs4941330,RP11-453M23.1
rs7233963,RP11-453M23.1
rs62087892,RP11-453M23.1
rs4940644,RP11-453M23.1
rs7239967,RP11-453M23.1
rs12967087,RP11-453M23.1
rs12970660,RP11-453M23.1
rs12970925,RP11-453M23.1
rs12970845,RP11-453M23.1
rs12954043,RP11-453M23.1
rs17074753,RP11-453M23.1
rs35532767,RP11-453M23.1
rs4940645,RP11-453M23.1
rs4941331,RP11-453M23.1
rs12959665,RP11-453M23.1
rs7238571,RP11-453M23.1
rs12959475,RP11-453M23.1
rs62088080,RP11-453M23.1
rs7234810,RP11-453M23.1
rs4759021,AAAS
rs10747666,AAAS
rs138648748,SP7
rs930900,SP7
rs2016266,SP7
rs10783573,SP7
rs11170506,SP7
rs2886129,SP7
rs10876433,SP7
rs4758956,SP7
rs10747668,SP7
rs12424778,SP7
rs4759061,SP7
rs7953656,SP7
rs56225815,SP7
rs11170507,SP7
rs61928079,SP7
rs10783575,SP7
rs10735851,SP7
rs4783895,RP11-437L7.1
rs4784543,RP11-437L7.1
rs12595865,RP11-437L7.1
rs4131099,RP11-437L7.1
rs4131098,RP11-437L7.1
rs1108464,RP11-437L7.1
rs12708964,RP11-437L7.1
rs4238786,RP11-437L7.1
rs7188062,RP11-437L7.1
rs8053723,RP11-437L7.1
rs2729607,RP11-437L7.1
rs470490,RP11-453M23.1
rs1933801,LINC00577
rs2400075,LINC00577
rs9391253,LINC00577
rs9322822,LINC00577
rs5878829,LINC00577
rs9391254,LINC00577
rs7759938,LINC00577
rs2095812,LINC00577
rs7766336,LINC00577
rs314265,LINC00577
rs314264,LINC00577
rs314263,LINC00577
rs395523,LINC00577
rs395962,LIN28B
rs314276,LIN28B
rs314275,LIN28B
rs167539,LIN28B
rs314274,LIN28B
rs6900292,LIN28B
rs314268,LIN28B
rs314267,LIN28B
rs314290,LIN28B
rs314286,LIN28B
rs2181192,LIN28B
rs2181193,LIN28B
rs369065,LIN28B
rs442010,LIN28B
rs430521,LIN28B
rs314273,LIN28B
rs314271,LIN28B
rs191135,LIN28B
rs12531830,DPP6
rs6977812,DPP6
rs6977820,DPP6
rs12667539,DPP6
rs4725538,DPP6
rs4726411,DPP6
rs2052216,DPP6
rs9820070,RP11-132N15.3
rs11721263,RP11-132N15.3
rs12696580,RP11-132N15.3
rs12696581,RP11-132N15.3
rs12374136,RP11-132N15.3
rs12212049,SLC17A4
rs3799340,SLC17A4
rs1892249,SLC17A4
rs199948275,SLC17A4
rs12209125,SLC17A4
rs3757130,SLC17A4
rs11754288,SLC17A4
rs3757131,SLC17A1
rs35720558,SLC17A1
rs6909187,SLC17A1
rs13197601,SLC17A1
rs13197514,SLC17A1
rs3799344,SLC17A1
rs112242208,SLC17A1
rs1937130,SLC17A1
rs2762353,SLC17A1
rs1165215,SLC17A1
rs1165213,SLC17A1
rs1165209,SLC17A1
rs2328895,SLC17A1
rs2817188,SLC17A1
rs1177442,SLC17A1
rs1165199,SLC17A1
rs1359232,SLC17A1
rs1165196,SLC17A1
rs1165195,SLC17A1
rs1165154,SLC17A1
rs1165153,SLC17A1
rs1185567,SLC17A1
rs1183200,SLC17A1
rs1165152,SLC17A1
rs1533317,U6
rs71566446,RP11-715G15.1
rs13220141,RP11-715G15.1
rs13215778,RP11-715G15.1
rs71566448,RP11-715G15.1
rs6906530,RP11-715G15.1
rs76462351,RP11-715G15.1
rs77964037,RP11-715G15.1
rs35192162,RP11-715G15.1
rs34267274,RP11-715G15.1
rs17076142,RP11-715G15.1
rs71566450,RP11-715G15.1
rs13206260,RP11-715G15.1
rs34321971,RP11-715G15.1
rs2275606,RP11-715G15.1
rs74468352,ADGB
rs75395649,ADGB
rs73588036,ADGB
rs9497576,ADGB
rs12136874,PTGS2
rs12124257,PTGS2
rs2179225,PTGS2
rs2142818,PTGS2
rs2142817,PTGS2
rs12738146,PTGS2
rs12088741,PTGS2
rs12725481,PTGS2
rs1997673,PTGS2
rs760709,PTGS2
rs760708,PTGS2
rs760707,PTGS2
rs10752972,PLA2G4A
rs4140563,PLA2G4A
rs4140564,PLA2G4A
rs11312899,PLA2G4A
rs66476634,PLA2G4A
rs10489400,PLA2G4A
rs61706061,PLA2G4A
rs1883272,PLA2G4A
rs2891253,PLA2G4A
rs2205952,PLA2G4A
rs2891254,PLA2G4A
rs988905,PLA2G4A
rs988904,PLA2G4A
rs2064132,PLA2G4A
rs2064131,PLA2G4A
rs6425045,PLA2G4A
rs7552522,PLA2G4A
rs7522771,PLA2G4A
rs4651325,PLA2G4A
rs4650702,PLA2G4A
rs2383532,PLA2G4A
rs6425046,PLA2G4A
rs6681138,PLA2G4A
rs4651326,PLA2G4A
rs10737268,PLA2G4A
rs6669569,PLA2G4A
rs6656831,PLA2G4A
rs10798058,PLA2G4A
rs2223328,PLA2G4A
rs3955272,PLA2G4A
rs6425047,PLA2G4A
rs7537367,PLA2G4A
rs7517157,PLA2G4A
rs7521061,PLA2G4A
rs6425048,PLA2G4A
rs11355666,PLA2G4A
rs10752975,PLA2G4A
rs4651328,PLA2G4A
rs4651329,PLA2G4A
rs932324,PLA2G4A
rs34358051,ESYT1
rs2915833,PPP2R2B
rs964245,PPP2R2B
rs531374,PPP2R2B
rs560039,PPP2R2B
rs2926170,PPP2R2B
rs560157,PPP2R2B
rs560150,PPP2R2B
rs178547,PPP2R2B
rs1864982,PPP2R2B
rs2915844,PPP2R2B
rs1036201,PPP2R2B
rs11206510,PCSK9
rs9380335,HLA-DPA1
rs4604307,HLA-DPA1
rs7742205,HLA-DPA1
rs7741912,HLA-DPA1
rs2894313,HLA-DPA1
rs35144340,HLA-DPA1
rs2395309,HLA-DPA1
rs2395310,HLA-DPA1
rs73415237,HLA-DPA1
rs67632751,HLA-DPA1
rs73415240,HLA-DPA1
rs72873917,HLA-DPA1
rs34937821,HLA-DPA1
rs34687999,HLA-DPA1
rs35593095,HLA-DPA1
rs72873920,HLA-DPA1
rs67144300,HLA-DPA1
rs73738011,HLA-DPA1
rs67047708,HLA-DPA1
rs66720176,HLA-DPA1
rs66780929,HLA-DPA1
rs72873924,HLA-DPA1
rs73738013,HLA-DPA1
rs9885608,HLA-DPA1
rs73415247,HLA-DPA1
rs72873927,HLA-DPA1
rs67022713,HLA-DPA1
rs72873929,HLA-DPA1
rs111509059,HLA-DPA1
rs67475104,HLA-DPA1
rs72873931,HLA-DPA1
rs72873932,HLA-DPA1
rs72873933,HLA-DPA1
rs112752977,HLA-DPA1
rs113637139,HLA-DPA1
rs113457518,HLA-DPA1
rs59342333,HLA-DPA1
rs60461436,HLA-DPA1
rs59423236,HLA-DPA1
rs73738024,HLA-DPA1
rs73738027,HLA-DPA1
rs6923131,HLA-DPA1
rs55950816,HLA-DPA1
rs116108798,HLA-DPA1
rs114620642,HLA-DPA1
rs80087810,HLA-DPA1
rs55763051,HLA-DPA1
rs56348503,HLA-DPA1
rs9469325,HLA-DPA1
rs72873936,HLA-DPA1
rs67408908,HLA-DPA1
rs66468857,HLA-DPA1
rs67396419,HLA-DPA1
rs67012664,HLA-DPA1
rs67934954,HLA-DPA1
rs67635640,HLA-DPA1
rs67714479,HLA-DPA1
rs144544991,HLA-DPA1
rs67511993,HLA-DPA1
rs72873939,HLA-DPA1
rs72873941,HLA-DPA1
rs200131742,HLA-DPA1
rs201122264,HLA-DPA1
rs67510472,HLA-DPA1
rs73415265,HLA-DPA1
rs35953215,HLA-DPA1
rs34740152,HLA-DPA1
rs36030764,HLA-DPA1
rs66948925,HLA-DPA1
rs66636430,HLA-DPA1
rs200091412,HLA-DPA1
rs72873946,HLA-DPA1
rs66882283,HLA-DPA1
rs67514692,HLA-DPA1
rs17220899,HLA-DPA1
rs138618673,HLA-DPA1
rs17220913,HLA-DPA1
rs17214512,HLA-DPA1
rs17214519,HLA-DPA1
rs17214526,HLA-DPA1
rs17214533,HLA-DPA1
rs17214540,HLA-DPA1
rs17220927,HLA-DPA1
rs17220934,HLA-DPA1
rs17214555,HLA-DPA1
rs17214562,HLA-DPA1
rs17214567,HLA-DPA1
rs17220961,HLA-DPA1
rs17220968,HLA-DPA1
rs17214573,HLA-DPA1
rs17214580,HLA-DPA1
rs17214587,HLA-DPA1
rs17214594,HLA-DPA1
rs2071365,HLA-DPA1
rs1042926,HLA-DPA1
rs1042920,HLA-DPA1
rs1042901,HLA-DPA1
rs1042872,HLA-DPA1
rs361527,HLA-DPA1
rs8486,HLA-DPA1
rs7905,HLA-DPA1
rs3077,HLA-DPA1
rs1042688,HLA-DPA1
rs3211475,HLA-DPA1
rs35188681,HLA-DPA1
rs36030612,HLA-DPA1
rs34742617,HLA-DPA1
rs72867687,HLA-DPA1
rs72867689,HLA-DPA1
rs67597807,HLA-DPA1
rs66951571,HLA-DPA1
rs7751953,HLA-DPA1
rs72500558,HLA-DPA1
rs67476218,HLA-DPA1
rs67786321,HLA-DPA1
rs67640541,HLA-DPA1
rs72500559,HLA-DPA1
rs73739618,HLA-DPA1
rs72867692,HLA-DPA1
rs67733930,HLA-DPA1
rs73400009,HLA-DPA1
rs151124723,HLA-DPA1
rs11967655,HLA-DPA1
rs66696871,HLA-DPA1
rs68085274,HLA-DPA1
rs68148632,HLA-DPA1
rs68076625,HLA-DPA1
rs66518139,HLA-DPA1
rs72867693,HLA-DPA1
rs67530640,HLA-DPA1
rs66967466,HLA-DPA1
rs67247679,HLA-DPA1
rs68172213,HLA-DPA1
rs68141899,HLA-DPA1
rs6899851,HLA-DPA1
rs76589166,HLA-DPA1
rs6919972,HLA-DPA1
rs67252575,HLA-DPA1
rs72867694,HLA-DPA1
rs68150759,HLA-DPA1
rs67646359,HLA-DPA1
rs6920457,HLA-DPA1
rs72867696,HLA-DPA1
rs35835875,HLA-DPA1
rs35683320,HLA-DPA1
rs66811558,HLA-DPA1
rs67106216,HLA-DPA1
rs34596699,HLA-DPA1
rs35030344,HLA-DPA1
rs36050357,HLA-DPA1
rs35877170,HLA-DPA1
rs9469331,HLA-DPA1
rs9469332,HLA-DPA1
rs34763441,HLA-DPA1
rs34013339,HLA-DPA1
rs72870103,HLA-DPA1
rs9469334,HLA-DPA1
rs73400033,HLA-DPA1
rs201422286,HLA-DPA1
rs72870105,HLA-DPA1
rs79229871,HLA-DPA1
rs73400034,HLA-DPA1
rs115770992,HLA-DPA1
rs72870107,HLA-DPA1
rs66468505,HLA-DPA1
rs67012450,HLA-DPA1
rs66717880,HLA-DPA1
rs1054026,HLA-DPA1
rs201330042,HLA-DPA1
rs59419782,HLA-DPA1
rs73400043,HLA-DPA1
rs72870109,HLA-DPA1
rs9469341,HLA-DPA1
rs72870110,HLA-DPA1
rs1062658,HLA-DPA1
rs148889828,HLA-DPA1
rs3179776,HLA-DPA1
rs67818943,HLA-DPA1
rs3180555,HLA-DPA1
rs201941385,HLA-DPA1
rs3180554,HLA-DPA1
rs3180553,HLA-DPA1
rs67516795,HLA-DPA1
rs67476989,HLA-DPA1
rs72879609,HLA-DPA1
rs68071176,HLA-DPA1
rs73400048,HLA-DPA1
rs1042434,HLA-DPA1
rs34370305,HLA-DPA1
rs73739662,HLA-DPA1
rs73739663,HLA-DPA1
rs77350016,HLA-DPA1
rs77981473,HLA-DPA1
rs35947638,HLA-DPA1
rs1042308,HLA-DPA1
rs2308930,HLA-DPA1
rs2308929,HLA-DPA1
rs2308928,HLA-DPA1
rs1042190,HLA-DPA1
rs73739671,HLA-DPA1
rs34140193,HLA-DPA1
rs34950776,HLA-DPA1
rs67201607,HLA-DPA1
rs3830066,HLA-DPA1
rs36081724,HLA-DPA1
rs34562515,HLA-DPA1
rs34606334,HLA-DPA1
rs34682523,HLA-DPA1
rs1126543,HLA-DPA1
rs1126542,HLA-DPA1
rs1042178,HLA-DPA1
rs2308912,HLA-DPA1
rs2308911,HLA-DPA1
rs10214910,HLA-DPA1
rs66799959,HLA-DPA1
rs67984906,HLA-DPA1
rs73739677,HLA-DPA1
rs72879614,HLA-DPA1
rs67325643,HLA-DPA1
rs67035222,HLA-DPA1
rs73739681,HLA-DPA1
rs73739682,HLA-DPA1
rs67408707,HLA-DPA1
rs56772034,HLA-DPA1
rs58510921,HLA-DPA1
rs59964828,HLA-DPA1
rs73739700,HLA-DPA1
rs59416939,HLA-DPA1
rs72879618,HLA-DPA1
rs67463587,HLA-DPA1
rs2301224,HLA-DPA1
rs2301222,HLA-DPA1
rs57389774,HLA-DPA1
rs2301221,HLA-DPA1
rs2301220,HLA-DPA1
rs73400085,HLA-DPA1
rs28438582,HLA-DPA1
rs28414332,HLA-DPA1
rs59977910,HLA-DPA1
rs57753382,HLA-DPA1
rs28452918,HLA-DPA1
rs34624643,HLA-DPA1
rs35039691,HLA-DPA1
rs34083733,HLA-DPA1
rs13196639,HLA-DPA1
rs34197320,HLA-DPA1
rs35521473,HLA-DPA1
rs34780193,HLA-DPA1
rs13213165,HLA-DPA1
rs34507584,HLA-DPA1
rs36043556,HLA-DPA1
rs35769133,HLA-DPA1
rs72879690,HLA-DPA1
rs72500560,HLA-DPA1
rs72500562,HLA-DPA1
rs4640928,HLA-DPA1
rs6914849,HLA-DPA1
rs9380336,HLA-DPA1
rs6914995,HLA-DPA1
rs9380337,HLA-DPA1
rs9380338,HLA-DPA1
rs9348904,HLA-DPA1
rs9380339,HLA-DPA1
rs1431399,HLA-DPA1
rs1431400,HLA-DPA1
rs1431401,HLA-DPA1
rs4247257,HLA-DPA1
rs2071351,HLA-DPA1
rs68094823,SLC17A1
rs1165151,SLC17A1
rs1747522,SLC17A1
rs3799352,SLC17A1
rs1183201,SLC17A1
rs1165180,SLC17A1
rs1165179,SLC17A1
rs1165178,SLC17A1
rs765285,SLC17A1
rs1165177,SLC17A1
rs1165176,SLC17A1
rs1185569,SLC17A1
rs1185568,SLC17A3
rs1185153,SLC17A3
rs1184803,SLC17A3
rs1183202,SLC17A3
rs140668217,SLC17A3
rs1185978,SLC17A3
rs1165183,SLC17A3
rs1165182,SLC17A3
rs6905614,SLC17A3
rs1408273,SLC17A3
rs1165150,SLC17A3
rs9393672,SLC17A3
rs1165190,SLC17A3
rs942379,SLC17A3
rs1747550,SLC17A3
rs1165160,SLC17A3
rs1165207,SLC17A3
rs1184804,SLC17A3
rs1165205,SLC17A3
rs201261318,RP4-715N11.2
rs4811385,RP4-715N11.2
rs6013509,RP4-715N11.2
rs6097081,RP4-715N11.2
rs856331,RP4-715N11.2
rs1916649,RP4-715N11.2
rs6126646,RP4-715N11.2
rs856329,RP4-715N11.2
rs11635265,RP11-219B17.1
rs3784609,RP11-219B17.1
rs72748757,RP11-219B17.1
rs72748759,RP11-219B17.1
rs72748760,RP11-219B17.1
rs1984762,RP11-219B17.1
rs1125682,RP11-219B17.1
rs72748764,RP11-219B17.1
rs112761282,RORA
rs11630262,RORA
rs149328455,RORA
rs1678403,ABCC4
rs2389203,ABCC4
rs899495,ABCC4
rs943288,ABCC4
rs899496,ABCC4
rs899497,ABCC4
rs4148471,ABCC4
rs4148470,ABCC4
rs4148469,ABCC4
rs3782963,ABCC4
rs3782965,ABCC4
rs3782966,ABCC4
rs3782968,ABCC4
rs1678400,ABCC4
rs9524828,ABCC4
rs9516537,ABCC4
rs9516538,ABCC4
rs7332663,ABCC4
rs7333281,ABCC4
rs7335147,ABCC4
rs9516539,ABCC4
rs9524830,ABCC4
rs7322825,ABCC4
rs7139533,ABCC4
rs9524831,ABCC4
rs7983336,ABCC4
rs7987653,ABCC4
rs7988494,ABCC4
rs9524833,ABCC4
rs4334136,ABCC4
rs1824913,ABCC4
rs1824912,ABCC4
rs1824911,ABCC4
rs7999175,ABCC4
rs9524835,ABCC4
rs9524836,ABCC4
rs4773847,ABCC4
rs4148467,ABCC4
rs4771907,ABCC4
rs4148465,ABCC4
rs4148464,ABCC4
rs4148463,ABCC4
rs7321744,ABCC4
rs6492769,ABCC4
rs75557542,ABCC4
rs9524840,ABCC4
rs7321623,ABCC4
rs4771908,ABCC4
rs67413584,ABCC4
rs2766476,ABCC4
rs4773848,ABCC4
rs4773849,ABCC4
rs1926656,ABCC4
rs1926657,ABCC4
rs7325019,ABCC4
rs4612933,ABCC4
rs200179424,ABCC4
rs4371040,ABCC4
rs4303338,ABCC4
rs9516545,ABCC4
rs2892707,ABCC4
rs7330776,ABCC4
rs12428470,ABCC4
rs12854605,ABCC4
rs9524845,ABCC4
rs4636781,ABCC4
rs4505186,ABCC4
rs4520712,ABCC4
rs4773853,ABCC4
rs4773854,ABCC4
rs4773855,ABCC4
rs6492771,ABCC4
rs4238313,ABCC4
rs7324706,ABCC4
rs7335233,ABCC4
rs7329432,ABCC4
rs2389234,ABCC4
rs9524850,ABCC4
rs4773857,ABCC4
rs7333234,ABCC4
rs9524856,ABCC4
rs4148457,ABCC4
rs9921586,CTRB2
rs9940370,CTRB2
rs66535165,CTRB1
rs67478528,CTRB1
rs7202877,CTRB1
rs7195852,CTRB1
rs11317724,CTRB1
rs7202844,CTRB1
rs7202858,CTRB1
rs6564232,CTRB1
rs6564233,CTRB1
rs7197746,CTRB1
rs7197389,CTRB1
rs60470336,CTRB1
rs72802372,CTRB1
rs66881382,CTRB1
rs72802375,CTRB1
rs61634868,CTRB1
rs6564234,CTRB1
rs6564235,CTRB1
rs6564236,CTRB1
rs6564237,CTRB1
rs2870463,CTRB1
rs66473537,CTRB1
rs8053595,CTRB1
rs8054218,CTRB1
rs2287990,CTRB1
rs13331385,CTRB1
rs28690217,CTRB1
rs13337017,BCAR1
rs8048529,BCAR1
rs142593735,BCAR1
rs3826110,BCAR1
rs28439846,BCAR1
rs3743614,BCAR1
rs28595463,BCAR1
rs60879082,BCAR1
rs8046145,BCAR1
rs13337397,BCAR1
rs8063014,BCAR1
rs73605139,BCAR1
rs7185352,BCAR1
rs60852020,BCAR1
rs72804106,BCAR1
rs56787417,BCAR1
rs10266221,RP4-745K6.1
rs6466800,RP4-745K6.1
rs76231811,RP4-745K6.1
rs1476626,RP4-745K6.1
rs988022,RP4-745K6.1
rs10273680,RP4-745K6.1
rs10277464,RP4-745K6.1
rs35933986,RP4-745K6.1
rs10266178,RP4-745K6.1
rs10253361,RP4-745K6.1
rs10226926,RP4-745K6.1
rs78510555,GRM8
rs4501525,GRM8
rs17684282,GRM8
rs12536593,GRM8
rs60541857,GRM8
rs1557667,GRM8
rs76143837,GRM8
rs78239617,GRM8
rs112444325,GRM8
rs76326523,GRM8
rs191029826,GRM8
rs199840668,GRM8
rs79409921,GRM8
rs17691394,GRM8
rs77246811,GRM8
rs17613247,GRM8
rs78983408,GRM8
rs76282173,GRM8
rs76935975,GRM8
rs144385731,GRM8
rs113458121,GRM8
rs1361991,GRM8
rs147492469,GRM8
rs1345210,GRM8
rs10225708,GRM8
rs142308749,GRM8
rs10240139,GRM8
rs28693977,GRM8
rs73453210,GRM8
rs1386329,RP11-164N3.1
rs593775,RP11-164N3.2
rs608670,RP11-164N3.2
rs2380093,RP11-164N3.2
rs480885,RP11-164N3.2
rs1906133,RP11-164N3.2
rs2129419,RP11-164N3.2
rs651094,RP11-164N3.2
rs523225,RP11-164N3.2
rs61020156,RP11-164N3.2
rs1386330,RP11-164N3.2
rs1586407,RP11-164N3.2
rs1586408,RP11-164N3.2
rs79367949,RP11-164N3.2
rs79318098,RP11-164N3.2
rs202022074,RP11-164N3.2
rs11177668,RP11-956E11.1
rs11177669,RP11-956E11.1
rs10878985,RP11-956E11.1
rs17026322,KCNA3
rs12061304,KCNA3
rs61141161,KCNA3
rs35464892,KCNA3
rs12067710,KCNA3
rs12066673,KCNA3
rs12067027,KCNA3
rs11102149,KCNA3
rs12085135,KCNA3
rs7521998,KCNA3
rs7532634,KCNA3
rs7532734,KCNA3
rs12072824,KCNA3
rs6661343,KCNA3
rs7541840,KCNA3
rs7548006,KCNA3
rs4988372,BIK
rs5751435,BIK
rs2008738,BIK
rs742134,BIK
rs742136,BIK
rs4988417,BIK
rs9612011,BIK
rs760699,BIK
rs909666,BIK
rs872842,MCAT
rs2413748,MCAT
rs909667,MCAT
rs5759182,MCAT
rs1341239,RP3-404K8.2
rs2744116,RP3-404K8.2
rs1341238,RP3-404K8.2
rs2655426,RP3-404K8.2
rs2655428,RP3-404K8.2
rs1326837,HELLS
rs12762067,HELLS
rs12772169,HELLS
rs749744,HELLS
rs1998591,HELLS
rs1998590,HELLS
rs12784935,CYP2C18
rs4472863,CYP2C18
rs2094296,CYP2C18
rs2104543,CYP2C18
rs68157779,CYP2C18
rs34870400,CYP2C18
rs200675106,CYP2C18
rs201806941,CYP2C18
rs76413136,CYP2C18
rs2901783,CYP2C18
rs12772521,CYP2C18
rs34367065,CYP2C18
rs7912099,CYP2C19
rs4362080,CYP2C19
rs67482845,CYP2C19
rs56330734,TRAF3
rs56083744,TRAF3
rs7156191,TRAF3
rs7143963,TRAF3
rs4906267,TRAF3
rs4553557,TRAF3
rs8021860,TRAF3
rs72704712,TRAF3
rs8017180,TRAF3
rs7153002,TRAF3
rs34436763,TRAF3
rs8022110,TRAF3
rs12588749,TRAF3
rs12590238,TRAF3
rs3783384,TRAF3
rs72704726,TRAF3
rs72704727,TRAF3
rs72704731,TRAF3
rs12588538,TRAF3
rs4243736,TRAF3
rs4906269,TRAF3
rs4906270,TRAF3
rs7156339,TRAF3
rs10132977,TRAF3
rs72704737,TRAF3
rs4906272,TRAF3
rs10133111,TRAF3
rs11552464,TRAF3
rs7147331,TRAF3
rs76327888,TRAF3
rs72704741,TRAF3
rs58472533,AMN
rs4906275,AMN
rs11165344,RP11-57H12.3
rs1414896,RP11-57H12.3
rs4146667,RWDD3
rs10874910,RWDD3
rs12446515,AC012181.1
rs56156922,AC012181.1
rs56228609,AC012181.1
rs173539,AC012181.1
rs247616,AC012181.1
rs247617,AC012181.1
rs183130,AC012181.1
rs12149545,AC012181.1
rs3764261,AC012181.1
rs821840,CETP
rs36229491,CETP
rs17231506,CETP
rs72712500,MIR4708
rs74825628,MIR4708
rs139251867,MIR4708
rs74655860,MIR4708
rs201712507,FUT8
rs72714423,FUT8
rs72714425,FUT8
rs72714428,FUT8
rs72714433,FUT8
rs72714436,FUT8
rs79184805,FUT8
rs74897779,FUT8
rs10483776,FUT8
rs72714439,FUT8
rs72714440,FUT8
rs72714442,FUT8
rs72714447,FUT8
rs72714460,FUT8
rs72714461,FUT8
rs72714468,FUT8
rs72714478,FUT8
rs72714482,FUT8
rs72714483,FUT8
rs72714484,FUT8
rs72714499,FUT8
rs34640387,FUT8
rs34772005,FUT8
rs17753508,FUT8
rs72716407,FUT8
rs72716408,FUT8
rs76087165,FUT8
rs76601910,FUT8
rs74245865,FUT8
rs145772892,FUT8
rs60708728,FUT8
rs72716418,FUT8
rs72716420,FUT8
rs72716421,FUT8
rs35949016,FUT8
rs2268959,FUT8
rs4735761,AC105242.1
rs4735764,AC105242.1
rs4735766,AC105242.1
rs4735767,AC105242.1
rs17379249,AC105242.1
rs4735769,AC105242.1
rs2167731,AC105242.1
rs2123397,AC105242.1
rs10103623,AC105242.1
rs10107588,AC105242.1
rs7842996,AC105242.1
rs7824723,AC105242.1
rs17379354,AC105242.1
rs1993195,AC105242.1
rs17464255,AC105242.1
rs17464353,AC105242.1
rs2167734,AC105242.1
rs2167733,AC105242.1
rs2123403,AC105242.1
rs2167732,AC105242.1
rs6473011,AC105242.1
rs11778981,AC105242.1
rs10096619,AC105242.1
rs112186939,AC105242.1
rs10094506,AC105242.1
rs72663709,AC105242.1
rs10504649,AC105242.1
rs11781571,AC105242.1
rs11781651,AC105242.1
rs17465108,AC105242.1
rs17380376,AC105242.1
rs17380516,AC105242.1
rs1452816,AC105242.1
rs1452815,AC105242.1
rs67674827,AC105242.1
rs17380738,AC105242.1
rs142139075,AC105242.1
rs10111935,AC105242.1
rs7844306,AC105242.1
rs1901706,AC105242.1
rs1452822,AC105242.1
rs6996877,AC105242.1
rs4735677,AC105242.1
rs28598587,AC105242.1
rs7846385,AC105242.1
rs140474544,AC105242.1
rs6473015,AC105242.1
rs6473018,AC105242.1
rs4317542,AC105242.1
rs4490807,AC105242.1
rs6576878,HS2ST1
rs2268983,ACTN1
rs1324015,LINC00400
rs1032297,RP11-361D14.2
rs1512281,RP11-361D14.2
rs12504628,RP11-361D14.2
rs7697189,RP11-361D14.2
rs1489763,RP11-361D14.2
rs13129662,RP11-361D14.2
rs1489762,RP11-361D14.2
rs7435469,RP11-361D14.2
rs11936476,RP11-361D14.2
rs13147758,RP11-361D14.2
rs13148031,RP11-361D14.2
rs720484,RP11-361D14.2
rs720485,RP11-361D14.2
rs6828540,RP11-361D14.2
rs6537291,RP11-361D14.2
rs2130339,RP11-361D14.2
rs36023701,RP11-361D14.2
rs6830832,RP11-361D14.2
rs11938745,RP11-361D14.2
rs12506874,RP11-361D14.2
rs6537292,RP11-361D14.2
rs6829184,RP11-361D14.2
rs12511230,RP11-361D14.2
rs6831503,RP11-361D14.2
rs1818444,RP11-361D14.2
rs1828590,RP11-361D14.2
rs1489760,RP11-361D14.2
rs1489759,RP11-361D14.2
rs10692527,RP11-361D14.2
rs1813903,RP11-361D14.2
rs995758,RP11-361D14.2
rs12509311,RP11-361D14.2
rs11100860,RP11-361D14.2
rs201534938,RP11-361D14.2
rs6537293,RP11-361D14.2
rs6537294,RP11-361D14.2
rs6842889,RP11-361D14.2
rs1828591,RP11-361D14.2
rs28626624,RP11-361D14.2
rs1565330,RP11-361D14.2
rs1980056,RP11-361D14.2
rs1980057,RP11-361D14.2
rs7655625,RP11-361D14.2
rs13118928,RP11-361D14.2
rs6537296,RP11-361D14.2
rs1542725,RP11-361D14.2
rs13113591,RP11-361D14.2
rs13140176,RP11-361D14.2
rs11940733,RP11-361D14.2
rs12501071,RP11-361D14.2
rs1512288,RP11-361D14.2
rs6817273,RP11-361D14.2
rs13141641,RP11-291L15.2
rs8111589,OPA3
rs9789254,OPA3
rs10071197,CTNND2
rs6860246,CTNND2
rs6885224,CTNND2
rs7029858,RP11-555H7.2
rs11103852,RP11-555H7.2
rs7042225,RP11-555H7.2
rs12552848,RP11-555H7.2
rs79247436,RP11-555H7.2
rs11789484,RP11-555H7.2
rs35507236,RP11-555H7.2
rs11792346,RP11-555H7.2
rs10858396,RP11-555H7.2
rs35860308,RP11-555H7.2
rs11103855,RP11-555H7.2
rs34735164,RP11-479H16.1
rs2900019,U6
rs1521158,U6
rs62011981,U6
rs1596731,U6
rs2084075,U6
rs7151223,U6
rs79062793,U6
rs1584157,U6
rs4570195,KHDRBS3
rs4501615,KHDRBS3
rs4375040,KHDRBS3
rs11994094,KHDRBS3
rs7009850,KHDRBS3
rs4909301,KHDRBS3
rs33992011,KHDRBS3
rs11309098,KHDRBS3
rs10875379,U1
rs4909302,U1
rs4243849,U1
rs3935050,U1
rs3934488,U1
rs13270530,U1
rs13270542,U1
rs13270543,U1
rs4909303,U1
rs7820043,U1
rs7821328,U1
rs7821447,U1
rs36037882,U1
rs4243851,U1
rs7818062,U1
rs7831154,U1
rs10875380,U1
rs10875381,U1
rs7820016,U1
rs7839277,U1
rs10094118,U1
rs4609229,U1
rs7008168,U1
rs7004576,U1
rs6984415,U1
rs10101896,U1
rs4377995,U1
rs4294215,U1
rs4617194,U1
rs28408332,U1
rs28432052,U1
rs4909304,U1
rs10088653,U1
rs10098541,U1
rs7831380,U1
rs6577660,U1
rs7814248,U1
rs4501616,U1
rs9693355,U1
rs9693603,U1
rs9693612,U1
rs6577661,U1
rs4909305,U1
rs6577662,U1
rs6577663,U1
rs4292726,U1
rs11166611,U1
rs4269576,U1
rs4074936,U1
rs11785432,U1
rs11782580,U1
rs72873911,HLA-DPA1
rs67643877,HLA-DPA1
rs56301606,HLA-DPA1
rs58083473,HLA-DPA1
rs55752341,HLA-DPA1
rs56064519,HLA-DPA1
rs17220829,HLA-DPA1
rs7775838,HLA-DPA1
rs7757860,HLA-DPA1
rs17220885,HLA-DPA1
rs34889247,HLA-DPA1
rs73415239,HLA-DPA1
rs67214734,HLA-DPA1
rs35449774,HLA-DPA1
rs34218937,HLA-DPA1
rs73739621,HLA-DPA1
rs72870108,HLA-DPA1
rs1042177,HLA-DPA1
rs1042176,HLA-DPA1
rs72879615,HLA-DPA1
rs72879616,HLA-DPA1
rs72879617,HLA-DPA1
rs73739684,HLA-DPA1
rs67542233,HLA-DPA1
rs72879625,HLA-DPA1
rs66977180,HLA-DPA1
rs35979982,HLA-DPA1
rs113408492,HLA-DPA1
rs66640614,HLA-DPA1
rs58129983,HLA-DPA1
rs58063871,HLA-DPA1
rs6914348,HLA-DPA1
rs9469344,HLA-DPA1
rs9469345,HLA-DPA1
rs60349783,HLA-DPA1
rs987870,HLA-DPA1
rs2071352,HLA-DPA1
rs9469347,HLA-DPA1
rs2071354,HLA-DPA1
rs4235062,HELQ
rs6535473,HELQ
rs11099599,HELQ
rs11099600,HELQ
rs12651246,HELQ
rs6854739,HELQ
rs11272773,HELQ
rs6858218,HELQ
rs4693089,HELQ
rs1494961,HELQ
rs200369162,HELQ
rs6535477,HELQ
rs13142756,MRPS18C
rs11099601,MRPS18C
rs6838225,MRPS18C
rs6535478,FAM175A
rs4693090,FAM175A
rs7666601,FAM175A
rs17352824,FAM175A
rs12649417,FAM175A
rs1565909,FAM175A
rs6834006,FAM175A
rs35608460,FAM175A
rs6844460,FAM175A
rs7691492,FAM175A
rs35000866,FAM175A
rs10027007,FAM175A
rs568978,FAM175A
rs562723,FAM175A
rs543318,FAM175A
rs13139169,FAM175A
rs11727406,FAM175A
rs538078,FAM175A
rs59644543,FAM175A
rs555348,FAM175A
rs28488925,FAM175A
rs13129676,FAM175A
rs526064,FAM175A
rs813298,FAM175A
rs9997925,FAM175A
rs9284657,FAM175A
rs2177034,FAM175A
rs10213169,FAM175A
rs28785823,FAM175A
rs28783127,FAM175A
rs7671387,FAM175A
rs7694435,FAM175A
rs11947695,FAM175A
rs11930653,FAM175A
rs11935455,FAM175A
rs13112255,FAM175A
rs11728733,FAM175A
rs13121249,FAM175A
rs13128266,FAM175A
rs11940256,FAM175A
rs13128503,FAM175A
rs10008742,FAM175A
rs10012248,FAM175A
rs971539,FAM175A
rs9683689,FAM175A
rs10015939,FAM175A
rs10016216,FAM175A
rs35452111,FAM175A
rs7663427,FAM175A
rs10032585,FAM175A
rs10025004,FAM175A
rs28869596,FAM175A
rs2172809,FAM175A
rs8102454,PPP1R14A
rs8102476,PPP1R14A
rs11667256,PPP1R14A
rs12981216,PPP1R14A
rs12976534,PPP1R14A
rs12610267,PPP1R14A
rs8100395,PPP1R14A
rs34582151,PPP1R14A
rs157580,TOMM40
rs655601,MGAT1
rs78981792,MGAT1
rs6432626,RBMS1
rs10192369,RBMS1
rs7420624,RBMS1
rs143632448,RBMS1
rs7250872,ATP8B3
rs10418560,ATP8B3
rs6088792,GDF5
rs6088792,RPL36P4
rs6088792,UQCC1
rs6088792,MAP1LC3A
rs6088792,MYH7B
rs6088813,MMP24-AS1
rs6088813,GDF5
rs6088813,UQCC1
rs6088813,RPL36P4
rs6088813,MAP1LC3A
rs6088813,TRPC4AP
rs6088813,CPNE1
rs756199,TSEN15
rs1458038,BMP3
rs4639966,PHLDB1
rs4639966,DDX6
rs7076247,RP11-383B4.4
rs17318596,EXOSC5
rs17318596,B3GNT8
rs3893464,HLA-H
rs3893464,HLA-K
rs3893464,HLA-A
rs3893464,HCG4P3
rs3893464,ZNRD1ASP
rs3893464,HLA-W
rs3893464,RPL23AP1
rs3893464,HLA-V
rs3893464,HCG4P7
rs3893464,IFITM4P
rs3893464,HLA-F
rs3893464,HLA-F-AS1
rs3893464,HCG4
rs3893464,HCP5B
rs3893464,HLA-T
rs3893464,HCG4B
rs3893464,HLA-J
rs3893464,MICE
rs3734398,ELOVL2-AS1
rs7714584,ZNF300P1
rs13010713,UBE2E3
rs13010713,AC068196.1
rs13016963,CASP8
rs13016963,AOX1
rs2244012,IL13
rs2814982,C6ORF106
rs2814982,SNRPC
rs2814982,UHRF1BP1
rs6725887,ICA1L
rs10937470,UTS2B
rs7561273,RP11-557N21.1
rs7561273,FAM228B
rs9262632,MICA
rs9262632,HLA-L
rs9262632,CCHCR1
rs2978263,RBPMS
rs12188164,SDHA
rs12188164,EXOC3-AS1
rs12188164,EXOC3
rs2084881,PNPO
rs2084881,HOXB-AS1
rs2084881,HOXB2
rs2084881,HOXB3
rs2016266,ESPL1
rs2016266,ATP5G2
rs2016266,AAAS
rs11754288,HIST1H1C
rs11754288,U91328.19
rs3077,HLA-DPB2
rs3077,HLA-DPA2
rs3077,COL11A2
rs3077,RXRB
rs1165196,HIST1H1C
rs1165196,U91328.19
rs7202877,RP11-331F4.5
rs7202877,BCAR1
rs987870,HLA-DPA2
rs987870,COL11A2
rs987870,RXRB
rs1494961,MRPS18C
rs1494961,SLC25A14P1
